symbol,combo,dip_pct,dip_minutes,stable_range_pct,stable_minutes,take_profit_pct,stop_loss_pct,timeout_minutes,candidates,trades,wins,losses,timeouts,both_hit,win_rate_pct,resolved_win_rate_pct,breakeven_win_rate_pct,edge_vs_be_pp,net_usd,fees_usd,avg_hold_minutes,avg_win_usd,avg_loss_usd,worst_trade_usd,best_trade_usd
INTC,d4_w30,4.0,1560,1.5,30,5.0,4.0,2880,386,40,13,18,9,0,32.5,41.935483870967744,51.11111111111111,-9.175627240143363,-236.56678914084392,240.0,370.25,32.99218502779538,-41.115157365188395,-46.0,44.00000000000001
INTC,d4_w60,4.0,1560,1.5,60,5.0,4.0,2880,200,36,9,17,10,0,25.0,34.61538461538461,51.11111111111111,-16.495726495726494,-382.19977444411086,216.0,385.4166666666667,38.18051407110408,-38.19767205949843,-46.0,44.00000000000001
INTC,d4_w120,4.0,1560,1.5,120,5.0,4.0,2880,102,35,9,17,9,0,25.714285714285715,34.61538461538461,51.11111111111111,-16.495726495726494,-427.3776189198438,210.0,341.57142857142856,36.710728345277715,-41.118958518566096,-46.0,44.00000000000001
INTC,d4_w180,4.0,1560,1.5,180,5.0,4.0,2880,66,35,10,20,5,0,28.571428571428573,33.333333333333336,51.11111111111111,-17.77777777777777,-465.2806486543928,210.0,293.85714285714283,36.306234112914176,-42.602804187376236,-46.0,44.00000000000001
INTC,d4_w240,4.0,1560,1.5,240,5.0,4.0,2880,44,31,8,16,7,0,25.806451612903224,33.333333333333336,51.11111111111111,-17.77777777777777,-390.3087515083981,186.0,253.8709677419355,36.28416377074953,-39.471727649332145,-46.0,44.00000000000001
INTC,d4_w300,4.0,1560,1.5,300,5.0,4.0,2880,35,25,7,14,4,0,28.0,33.333333333333336,51.11111111111111,-17.77777777777777,-343.6486562801393,150.0,280.2,38.624523579926,-43.204335531217076,-46.0,44.00000000000001
INTC,d5_w30,5.0,1560,1.5,30,5.0,4.0,2880,341,37,12,18,7,0,32.432432432432435,40.0,51.11111111111111,-11.111111111111107,-293.82116581544665,222.0,375.4054054054054,35.46875679712429,-41.01529878902073,-46.0,44.00000000000001
INTC,d5_w60,5.0,1560,1.5,60,5.0,4.0,2880,179,33,8,16,9,0,24.242424242424242,33.333333333333336,51.11111111111111,-17.77777777777777,-387.3465117608752,198.0,382.72727272727275,40.04650576779834,-37.62991250939349,-46.0,44.00000000000001
INTC,d5_w120,5.0,1560,1.5,120,5.0,4.0,2880,89,31,8,17,6,0,25.806451612903224,32.0,51.11111111111111,-19.111111111111107,-423.3042590318444,186.0,341.2903225806452,40.101655395171,-43.22112341893627,-46.0,44.00000000000001
INTC,d5_w180,5.0,1560,1.5,180,5.0,4.0,2880,56,30,10,17,3,0,33.333333333333336,37.03703703703704,51.11111111111111,-14.074074074074069,-314.9450804340252,180.0,290.5,40.0443395592518,-44.193175285835935,-46.0,44.00000000000001
INTC,d5_w240,5.0,1560,1.5,240,5.0,4.0,2880,38,26,7,14,5,0,26.923076923076923,33.333333333333336,51.11111111111111,-17.77777777777777,-289.9253426408976,156.0,264.4230769230769,39.34192844017019,-42.70903919016247,-46.0,44.00000000000001
INTC,d5_w300,5.0,1560,1.5,300,5.0,4.0,2880,31,23,7,12,4,0,30.434782608695652,36.8421052631579,51.11111111111111,-14.26900584795321,-221.20521438684776,138.0,279.1304347826087,42.007128234736165,-42.80495489281952,-46.0,44.00000000000001
MU,d4_w30,4.0,1560,1.5,30,5.0,4.0,2880,385,41,15,17,9,0,36.58536585365854,46.875,51.11111111111111,-4.236111111111107,-77.61666915191886,246.0,358.0487804878049,34.00345840754206,-39.5844647855151,-46.0,44.00000000000001
MU,d4_w60,4.0,1560,1.5,60,5.0,4.0,2880,204,41,13,21,7,0,31.70731707317073,38.23529411764706,51.11111111111111,-12.87581699346405,-326.0450348553134,246.0,328.780487804878,36.14178697101315,-42.460747840589136,-46.0,44.00000000000001
MU,d4_w120,4.0,1560,1.5,120,5.0,4.0,2880,100,34,10,15,9,0,29.41176470588235,40.0,51.11111111111111,-11.111111111111107,-233.25191261212385,204.00000000000003,357.3529411764706,35.114020769017515,-39.998011797230866,-46.0,44.00000000000001
MU,d4_w180,4.0,1560,1.5,180,5.0,4.0,2880,69,31,9,15,7,0,29.032258064516128,37.5,51.11111111111111,-13.611111111111107,-278.63560869738376,186.0,339.19354838709677,32.29146383023546,-42.9833001365106,-46.0,44.00000000000001
MU,d4_w240,4.0,1560,1.5,240,5.0,4.0,2880,45,30,8,15,7,0,26.666666666666668,34.78260869565217,51.11111111111111,-16.328502415458935,-244.55036280173863,180.0,261.0,33.50618349993555,-44.60230823755227,-46.0,44.00000000000001
MU,d4_w300,4.0,1560,1.5,300,5.0,4.0,2880,40,28,6,15,7,0,21.428571428571427,28.571428571428573,51.11111111111111,-22.539682539682534,-381.3374668442157,168.0,278.0357142857143,33.5890535253127,-39.846000116519036,-46.0,44.00000000000001
MU,d5_w30,5.0,1560,1.5,30,5.0,4.0,2880,359,37,14,15,8,0,37.83783783783784,48.275862068965516,51.11111111111111,-2.835249042145591,-28.973857931162485,222.0,350.4054054054054,33.503631327919166,-41.120381440561516,-46.0,44.00000000000001
MU,d5_w60,5.0,1560,1.5,60,5.0,4.0,2880,190,38,12,19,7,0,31.57894736842105,38.70967741935484,51.11111111111111,-12.401433691756267,-278.0450348553134,228.0,327.63157894736844,35.67953914577863,-42.123676206359534,-46.0,44.00000000000001
MU,d5_w120,5.0,1560,1.5,120,5.0,4.0,2880,92,31,9,14,8,0,29.032258064516128,39.130434782608695,51.11111111111111,-11.980676328502412,-228.5261110872714,186.0,355.0,34.14076253919194,-41.55863450799756,-46.0,44.00000000000001
MU,d5_w180,5.0,1560,1.5,180,5.0,4.0,2880,64,28,8,14,6,0,28.571428571428573,36.36363636363637,51.11111111111111,-14.74747474747474,-269.7203205808438,168.0,331.07142857142856,33.8858467132306,-42.27190507122569,-46.0,44.00000000000001
MU,d5_w240,5.0,1560,1.5,240,5.0,4.0,2880,43,27,7,13,7,0,25.925925925925927,35.0,51.11111111111111,-16.111111111111107,-191.55841190402398,162.0,283.7037037037037,32.69896684608444,-44.04607006450869,-46.0,44.00000000000001
MU,d5_w300,5.0,1560,1.5,300,5.0,4.0,2880,38,26,6,14,6,0,23.076923076923077,30.0,51.11111111111111,-21.111111111111107,-327.99821762115283,156.0,263.65384615384613,33.5890535253127,-41.49304705464249,-46.0,44.00000000000001
MRVL,d4_w30,4.0,1560,1.5,30,5.0,4.0,2880,374,51,20,25,6,0,39.21568627450981,44.44444444444444,51.11111111111111,-6.666666666666664,-192.2027885781617,306.0,291.47058823529414,40.41998325556374,-43.04749580413672,-46.0,44.00000000000001
MRVL,d4_w60,4.0,1560,1.5,60,5.0,4.0,2880,188,44,16,20,8,0,36.36363636363637,44.44444444444444,51.11111111111111,-6.666666666666664,-118.71899293639318,264.0,331.3636363636364,37.662591043764124,-43.05890890450927,-46.0,44.00000000000001
MRVL,d4_w120,4.0,1560,1.5,120,5.0,4.0,2880,96,38,17,15,6,0,44.73684210526316,53.125,51.11111111111111,2.013888888888893,73.47352722250865,228.0,298.55263157894734,40.91434329674896,-41.37851881735948,-46.0,44.00000000000001
MRVL,d4_w180,4.0,1560,1.5,180,5.0,4.0,2880,62,35,18,12,5,0,51.42857142857143,60.0,51.11111111111111,8.888888888888893,238.44524253386763,210.0,266.0,40.88066142699204,-38.61119906706488,-46.0,44.00000000000001
MRVL,d4_w240,4.0,1560,1.5,240,5.0,4.0,2880,44,34,12,14,8,0,35.294117647058826,46.15384615384615,51.11111111111111,-4.957264957264954,-111.92190594329176,204.00000000000003,232.05882352941177,39.20697951143288,-36.84350519025183,-46.0,44.00000000000001
MRVL,d4_w300,4.0,1560,1.5,300,5.0,4.0,2880,37,27,10,10,7,0,37.03703703703704,50.0,51.11111111111111,-1.1111111111111072,21.872410574306794,162.0,284.25925925925924,33.64795157191802,-40.2372385837053,-46.0,44.00000000000001
MRVL,d5_w30,5.0,1560,1.5,30,5.0,4.0,2880,319,43,19,20,4,0,44.18604651162791,48.717948717948715,51.11111111111111,-2.3931623931623918,-11.4688195892425,258.0,308.95348837209303,41.31079265808009,-43.824107527000216,-46.0,44.00000000000001
MRVL,d5_w60,5.0,1560,1.5,60,5.0,4.0,2880,162,38,15,17,6,0,39.473684210526315,46.875,51.11111111111111,-4.236111111111107,-25.239575848455345,228.0,330.6578947368421,37.985419204777386,-43.608219996889055,-46.0,44.00000000000001
MRVL,d5_w120,5.0,1560,1.5,120,5.0,4.0,2880,84,32,17,11,4,0,53.125,60.714285714285715,51.11111111111111,9.603174603174608,245.6594202813293,192.0,311.5625,41.66820329553222,-42.00280325644484,-46.0,44.00000000000001
MRVL,d5_w180,5.0,1560,1.5,180,5.0,4.0,2880,56,31,18,10,3,0,58.064516129032256,64.28571428571429,51.11111111111111,13.174603174603185,327.98471704768866,186.0,259.19354838709677,41.9765295584188,-39.13077871352237,-46.0,44.00000000000001
MRVL,d5_w240,5.0,1560,1.5,240,5.0,4.0,2880,38,29,12,11,6,0,41.37931034482759,52.17391304347826,51.11111111111111,1.062801932367151,27.6277885307603,174.00000000000003,244.6551724137931,40.740650354800906,-36.182754429096825,-46.0,44.00000000000001
MRVL,d5_w300,5.0,1560,1.5,300,5.0,4.0,2880,33,26,11,10,5,0,42.30769230769231,52.38095238095238,51.11111111111111,1.2698412698412724,74.69420349030473,156.0,238.26923076923077,36.4192093651372,-42.872176089704844,-46.0,44.00000000000001
AMD,d4_w30,4.0,1560,1.5,30,5.0,4.0,2880,354,31,9,11,11,0,29.032258064516128,45.0,51.11111111111111,-6.111111111111107,-231.4260534540029,186.0,461.4516129032258,40.044313328805664,-37.47146386314057,-46.0,44.00000000000001
AMD,d4_w60,4.0,1560,1.5,60,5.0,4.0,2880,187,32,11,10,11,0,34.375,52.38095238095238,51.11111111111111,1.2698412698412724,-99.70346091772963,192.0,434.0625,40.33172920805844,-36.90820387947488,-46.0,44.00000000000001
AMD,d4_w120,4.0,1560,1.5,120,5.0,4.0,2880,96,27,11,8,8,0,40.74074074074074,57.89473684210526,51.11111111111111,6.783625730994153,1.8824953422325272,162.0,457.22222222222223,39.77717205856124,-36.801481529933106,-46.0,44.00000000000001
AMD,d4_w180,4.0,1560,1.5,180,5.0,4.0,2880,63,28,11,9,8,0,39.285714285714285,55.0,51.11111111111111,3.888888888888893,-52.79730646816265,168.0,382.67857142857144,41.48425243354995,-34.413020979422626,-46.0,44.00000000000001
AMD,d4_w240,4.0,1560,1.5,240,5.0,4.0,2880,43,26,8,8,10,0,30.76923076923077,50.0,51.11111111111111,-1.1111111111111072,-105.993891043721,156.0,347.6923076923077,39.53610435500859,-36.059402596587695,-46.0,44.00000000000001
AMD,d4_w300,4.0,1560,1.5,300,5.0,4.0,2880,35,25,9,8,8,0,36.0,52.94117647058823,51.11111111111111,1.8300653594771248,-74.78936307609032,150.0,338.8,41.10487952503943,-37.638788417966005,-46.0,44.00000000000001
AMD,d5_w30,5.0,1560,1.5,30,5.0,4.0,2880,284,28,9,9,10,0,32.142857142857146,50.0,51.11111111111111,-1.1111111111111072,-129.74250609634106,168.0,423.57142857142856,40.77184928422091,-34.013696954280654,-46.0,44.00000000000001
AMD,d5_w60,5.0,1560,1.5,60,5.0,4.0,2880,153,29,10,9,10,0,34.48275862068966,52.63157894736842,51.11111111111111,1.5204678362573105,-90.81638098893109,174.00000000000003,386.55172413793105,41.65128341186611,-34.74304599596026,-46.0,44.00000000000001
AMD,d5_w120,5.0,1560,1.5,120,5.0,4.0,2880,77,25,11,7,7,0,44.0,61.111111111111114,51.11111111111111,10.000000000000007,62.59995929323989,150.0,420.4,41.37303422988463,-33.37511165118274,-46.0,44.00000000000001
AMD,d5_w180,5.0,1560,1.5,180,5.0,4.0,2880,52,25,10,7,8,0,40.0,58.8235294117647,51.11111111111111,7.712418300653596,-5.768036269979778,150.0,350.0,41.255548109327215,-32.82707610518422,-46.0,44.00000000000001
AMD,d5_w240,5.0,1560,1.5,240,5.0,4.0,2880,35,25,9,8,8,0,36.0,52.94117647058823,51.11111111111111,1.8300653594771248,-54.385620752080115,150.0,301.8,38.423941006921034,-39.651762525779425,-46.0,44.00000000000001
AMD,d5_w300,5.0,1560,1.5,300,5.0,4.0,2880,30,22,9,7,6,0,40.90909090909091,56.25,51.11111111111111,5.138888888888893,18.855588400334774,132.0,325.0,41.10487952503943,-39.390735125008995,-46.0,44.00000000000001
SNDK,d4_w30,4.0,1560,1.5,30,5.0,4.0,2880,379,58,25,27,6,0,43.10344827586207,48.07692307692308,51.11111111111111,-3.034188034188027,-162.69819648452665,348.00000000000006,246.81034482758622,41.59572058467488,-41.476859750669306,-46.0,44.00000000000001
SNDK,d4_w60,4.0,1560,1.5,60,5.0,4.0,2880,199,51,19,25,7,0,37.254901960784316,43.18181818181818,51.11111111111111,-7.929292929292927,-320.17339029101134,306.0,252.64705882352942,39.635099471418656,-41.10846822973179,-46.0,44.00000000000001
SNDK,d4_w120,4.0,1560,1.5,120,5.0,4.0,2880,101,45,18,22,5,0,40.0,45.0,51.11111111111111,-6.111111111111107,-251.49963913546222,270.0,250.44444444444446,40.71221893882848,-42.62976071648127,-46.0,44.00000000000001
SNDK,d4_w180,4.0,1560,1.5,180,5.0,4.0,2880,67,35,17,12,6,0,48.57142857142857,58.62068965517241,51.11111111111111,7.509578544061306,178.3329188022281,210.0,267.85714285714283,42.01265379053482,-38.74421895112085,-46.0,44.00000000000001
SNDK,d4_w240,4.0,1560,1.5,240,5.0,4.0,2880,43,30,14,13,3,0,46.666666666666664,51.851851851851855,51.11111111111111,0.7407407407407476,15.168987160905191,180.0,263.3333333333333,42.40542452093068,-41.394158710203676,-46.0,44.00000000000001
SNDK,d4_w300,4.0,1560,1.5,300,5.0,4.0,2880,39,28,13,11,4,0,46.42857142857143,54.166666666666664,51.11111111111111,3.055555555555557,63.871318374942035,168.0,235.71428571428572,40.675305112957304,-42.01986602457058,-46.0,44.00000000000001
SNDK,d5_w30,5.0,1560,1.5,30,5.0,4.0,2880,363,56,23,27,6,0,41.07142857142857,46.0,51.11111111111111,-5.111111111111107,-250.69819648452668,336.0,236.33928571428572,41.40337823144887,-41.476859750669306,-46.0,44.00000000000001
SNDK,d5_w60,5.0,1560,1.5,60,5.0,4.0,2880,191,49,17,25,7,0,34.69387755102041,40.476190476190474,51.11111111111111,-10.634920634920633,-408.17339029101134,294.0,249.59183673469389,39.19860941856052,-41.10846822973179,-46.0,44.00000000000001
SNDK,d5_w120,5.0,1560,1.5,120,5.0,4.0,2880,96,43,16,22,5,0,37.2093023255814,42.10526315789474,51.11111111111111,-9.005847953216367,-339.49963913546225,258.0,249.53488372093022,40.34690993203164,-42.62976071648127,-46.0,44.00000000000001
SNDK,d5_w180,5.0,1560,1.5,180,5.0,4.0,2880,64,34,16,12,6,0,47.05882352941177,57.142857142857146,51.11111111111111,6.031746031746039,134.3329188022281,204.00000000000003,268.8235294117647,41.90224566778676,-38.74421895112085,-46.0,44.00000000000001
SNDK,d5_w240,5.0,1560,1.5,240,5.0,4.0,2880,42,29,13,13,3,0,44.827586206896555,50.0,51.11111111111111,-1.1111111111111072,-28.831012839094818,174.00000000000003,260.6896551724138,42.291526272425735,-41.394158710203676,-46.0,44.00000000000001
SNDK,d5_w300,5.0,1560,1.5,300,5.0,4.0,2880,37,27,12,11,4,0,44.44444444444444,52.17391304347826,51.11111111111111,1.062801932367151,19.871318374942028,162.0,239.8148148148148,40.43782690673997,-42.01986602457058,-46.0,44.00000000000001
HPE,d4_w30,4.0,1560,1.5,30,5.0,4.0,2880,319,34,12,10,12,0,35.294117647058826,54.54545454545455,51.11111111111111,3.4343434343434396,47.01043800140889,204.00000000000003,370.0,34.80152859336975,-32.036208710933934,-46.0,44.00000000000001
HPE,d4_w60,4.0,1560,1.5,60,5.0,4.0,2880,163,28,8,9,11,0,28.571428571428573,47.05882352941177,51.11111111111111,-4.052287581699339,-4.283084359690539,168.0,451.7857142857143,33.20251145178519,-33.508446048905945,-46.0,44.00000000000001
HPE,d4_w120,4.0,1560,1.5,120,5.0,4.0,2880,80,26,9,8,9,0,34.61538461538461,52.94117647058823,51.11111111111111,1.8300653594771248,29.22289880780935,156.0,433.65384615384613,33.05188146276973,-36.12528680591391,-46.0,44.00000000000001
HPE,d4_w180,4.0,1560,1.5,180,5.0,4.0,2880,58,26,7,8,11,0,26.923076923076923,46.666666666666664,51.11111111111111,-4.444444444444443,-78.47948656315789,156.0,391.7307692307692,31.492288530032116,-37.529172111813494,-46.0,44.00000000000001
HPE,d4_w240,4.0,1560,1.5,240,5.0,4.0,2880,42,27,11,8,8,0,40.74074074074074,57.89473684210526,51.11111111111111,6.783625730994153,103.79617314170177,162.0,326.6666666666667,35.80939217875415,-36.11205912830088,-46.0,44.00000000000001
HPE,d4_w300,4.0,1560,1.5,300,5.0,4.0,2880,35,24,9,8,7,0,37.5,52.94117647058823,51.11111111111111,1.8300653594771248,13.99934854788739,144.00000000000003,322.5,37.187794774875435,-36.021182395884814,-46.0,44.00000000000001
HPE,d5_w30,5.0,1560,1.5,30,5.0,4.0,2880,282,30,12,9,9,0,40.0,57.142857142857146,51.11111111111111,6.031746031746039,109.68661654303871,180.0,379.6666666666667,38.285163452923854,-30.97272235005461,-46.0,44.00000000000001
HPE,d5_w60,5.0,1560,1.5,60,5.0,4.0,2880,145,26,9,8,9,0,34.61538461538461,52.94117647058823,51.11111111111111,1.8300653594771248,85.59484452795638,156.0,446.34615384615387,35.38281726162554,-34.147049761233426,-46.0,44.00000000000001
HPE,d5_w120,5.0,1560,1.5,120,5.0,4.0,2880,70,23,7,7,9,0,30.434782608695652,50.0,51.11111111111111,-1.1111111111111072,-19.022983376704268,138.0,439.7826086956522,31.27365189384555,-35.846073282077356,-46.0,44.00000000000001
HPE,d5_w180,5.0,1560,1.5,180,5.0,4.0,2880,50,25,7,8,10,0,28.0,46.666666666666664,51.11111111111111,-4.444444444444443,-93.28665495228023,150.0,384.8,32.86543760722529,-37.5132235568449,-46.0,44.00000000000001
HPE,d5_w240,5.0,1560,1.5,240,5.0,4.0,2880,36,23,10,7,6,0,43.47826086956522,58.8235294117647,51.11111111111111,7.712418300653596,97.39856742144914,138.0,335.0,36.7470498544763,-38.03130806867428,-46.0,44.00000000000001
HPE,d5_w300,5.0,1560,1.5,300,5.0,4.0,2880,31,20,8,7,5,0,40.0,53.333333333333336,51.11111111111111,2.2222222222222285,3.2746350770290213,120.0,351.25,38.80930852907922,-38.481845021376316,-46.0,44.00000000000001
DELL,d4_w30,4.0,1560,1.5,30,5.0,4.0,2880,283,40,17,14,9,0,42.5,54.83870967741935,51.11111111111111,3.727598566308245,103.64544664405571,240.0,276.875,36.26118326687891,-42.96245697024466,-46.0,44.00000000000001
DELL,d4_w60,4.0,1560,1.5,60,5.0,4.0,2880,147,35,15,11,9,0,42.857142857142854,57.69230769230769,51.11111111111111,6.581196581196586,151.85315948786896,210.0,285.57142857142856,35.688609130539625,-42.68625944667593,-46.0,44.00000000000001
DELL,d4_w120,4.0,1560,1.5,120,5.0,4.0,2880,74,31,13,10,8,0,41.935483870967744,56.52173913043478,51.11111111111111,5.410628019323674,56.2634191434737,186.0,297.0967741935484,37.34132890307651,-41.32422658634478,-46.0,44.00000000000001
DELL,d4_w180,4.0,1560,1.5,180,5.0,4.0,2880,50,26,12,9,5,0,46.15384615384615,57.142857142857146,51.11111111111111,6.031746031746039,107.49950362678673,156.0,278.84615384615387,41.43993757497787,-39.38830186857529,-46.0,44.00000000000001
DELL,d4_w240,4.0,1560,1.5,240,5.0,4.0,2880,34,25,13,7,5,0,52.0,65.0,51.11111111111111,13.888888888888893,189.14841562981934,150.0,260.2,38.9336381900795,-39.48561572213732,-46.0,44.00000000000001
DELL,d4_w300,4.0,1560,1.5,300,5.0,4.0,2880,30,25,11,9,5,0,44.0,55.0,51.11111111111111,3.888888888888893,77.39648000018965,150.0,187.4,34.61388081667087,-44.18117322498735,-46.0,44.00000000000001
DELL,d5_w30,5.0,1560,1.5,30,5.0,4.0,2880,243,33,14,13,6,0,42.42424242424242,51.851851851851855,51.11111111111111,0.7407407407407476,52.361413119311976,198.0,289.3939393939394,37.23673094131453,-41.19331625495665,-46.0,44.00000000000001
DELL,d5_w60,5.0,1560,1.5,60,5.0,4.0,2880,126,30,15,10,5,0,50.0,60.0,51.11111111111111,8.888888888888893,243.75536193821785,180.0,299.0,37.871648773136606,-43.25508770467069,-46.0,44.00000000000001
DELL,d5_w120,5.0,1560,1.5,120,5.0,4.0,2880,64,26,13,8,5,0,50.0,61.904761904761905,51.11111111111111,10.793650793650798,211.8748300646301,156.0,306.34615384615387,39.3714446767702,-41.80682847636932,-46.0,44.00000000000001
DELL,d5_w180,5.0,1560,1.5,180,5.0,4.0,2880,46,25,13,8,4,0,52.0,61.904761904761905,51.11111111111111,10.793650793650798,227.54492370552396,150.0,272.6,41.610608403312675,-39.661420234416624,-46.0,44.00000000000001
DELL,d5_w240,5.0,1560,1.5,240,5.0,4.0,2880,32,23,13,7,3,0,56.52173913043478,65.0,51.11111111111111,13.888888888888893,217.76449806811937,138.0,265.8695652173913,41.61110164190709,-40.53232499095331,-46.0,44.00000000000001
DELL,d5_w300,5.0,1560,1.5,300,5.0,4.0,2880,28,23,11,9,3,0,47.82608695652174,55.0,51.11111111111111,3.888888888888893,93.90040454492745,138.0,193.69565217391303,36.27860032463768,-46.0,-46.0,44.00000000000001
ARM,d4_w30,4.0,1560,1.5,30,5.0,4.0,2880,429,47,17,22,8,0,36.170212765957444,43.58974358974359,51.11111111111111,-7.521367521367516,-399.8284373121614,282.0,327.8723404255319,41.973399685234014,-39.839642470564606,-46.0,44.00000000000001
ARM,d4_w60,4.0,1560,1.5,60,5.0,4.0,2880,224,43,13,21,9,0,30.232558139534884,38.23529411764706,51.11111111111111,-12.87581699346405,-478.75735283140057,258.0,342.7906976744186,39.5877390597901,-38.306194240294715,-46.0,44.00000000000001
ARM,d4_w120,4.0,1560,1.5,120,5.0,4.0,2880,112,38,14,16,8,0,36.8421052631579,46.666666666666664,51.11111111111111,-4.444444444444443,-167.85300001878664,228.0,332.5,37.100568455139495,-41.783161610564875,-46.0,44.00000000000001
ARM,d4_w180,4.0,1560,1.5,180,5.0,4.0,2880,75,38,10,19,9,0,26.31578947368421,34.48275862068966,51.11111111111111,-16.62835249042145,-483.0891742405855,228.0,274.4736842105263,36.543520883538704,-41.44576944208864,-46.0,44.00000000000001
ARM,d4_w240,4.0,1560,1.5,240,5.0,4.0,2880,49,33,8,17,8,0,24.242424242424242,32.0,51.11111111111111,-19.111111111111107,-407.9799501951987,198.0,268.93939393939394,34.02244615025974,-42.51358750742877,-46.0,44.00000000000001
ARM,d4_w300,4.0,1560,1.5,300,5.0,4.0,2880,43,30,6,17,7,0,20.0,26.08695652173913,51.11111111111111,-25.024154589371978,-493.0332747724675,180.0,265.1666666666667,32.24936544448128,-44.61980498219798,-46.0,44.00000000000001
ARM,d5_w30,5.0,1560,1.5,30,5.0,4.0,2880,402,44,17,19,8,0,38.63636363636363,47.22222222222222,51.11111111111111,-3.8888888888888857,-253.45916046664047,264.0,348.1818181818182,41.973399685234014,-38.80693672310972,-46.0,44.00000000000001
ARM,d5_w60,5.0,1560,1.5,60,5.0,4.0,2880,211,43,13,21,9,0,30.232558139534884,38.23529411764706,51.11111111111111,-12.87581699346405,-467.241018736189,258.0,335.4651162790698,39.5877390597901,-37.894896594037164,-46.0,44.00000000000001
ARM,d5_w120,5.0,1560,1.5,120,5.0,4.0,2880,107,38,14,16,8,0,36.8421052631579,46.666666666666664,51.11111111111111,-4.444444444444443,-155.71839418098375,228.0,328.94736842105266,37.100568455139495,-41.17643131867472,-46.0,44.00000000000001
ARM,d5_w180,5.0,1560,1.5,180,5.0,4.0,2880,71,38,10,19,9,0,26.31578947368421,34.48275862068966,51.11111111111111,-16.62835249042145,-464.0873485026628,228.0,266.7105263157895,36.543520883538704,-40.654026703008526,-46.0,44.00000000000001
ARM,d5_w240,5.0,1560,1.5,240,5.0,4.0,2880,48,33,8,17,8,0,24.242424242424242,32.0,51.11111111111111,-19.111111111111107,-387.36756728541275,198.0,256.06060606060606,34.02244615025974,-41.48296836193947,-46.0,44.00000000000001
ARM,d5_w300,5.0,1560,1.5,300,5.0,4.0,2880,42,30,6,17,7,0,20.0,26.08695652173913,51.11111111111111,-25.024154589371978,-469.64681321806546,180.0,251.66666666666666,32.24936544448128,-43.388938584597874,-46.0,44.00000000000001
IBM,d4_w30,4.0,1560,1.5,30,5.0,4.0,2880,191,16,2,5,9,0,12.5,28.571428571428573,51.11111111111111,-22.539682539682534,-159.70880494070897,96.0,546.875,24.533380620033956,-30.69090886609127,-46.0,44.00000000000001
IBM,d4_w60,4.0,1560,1.5,60,5.0,4.0,2880,104,15,2,5,8,0,13.333333333333334,28.571428571428573,51.11111111111111,-22.539682539682534,-116.6117329672595,90.0,573.3333333333334,20.439629656469883,-32.461142570318586,-46.0,44.00000000000001
IBM,d4_w120,4.0,1560,1.5,120,5.0,4.0,2880,53,14,1,4,9,0,7.142857142857143,20.0,51.11111111111111,-31.111111111111107,-111.1034381495584,84.0,577.1428571428571,21.81315911483832,-24.46324819152778,-46.0,44.00000000000001
IBM,d4_w180,4.0,1560,1.5,180,5.0,4.0,2880,38,13,1,3,9,0,7.6923076923076925,25.0,51.11111111111111,-26.111111111111107,-91.89553023761373,78.0,583.0769230769231,24.536917444706052,-26.822514682642996,-46.0,44.00000000000001
IBM,d4_w240,4.0,1560,1.5,240,5.0,4.0,2880,26,12,1,2,9,0,8.333333333333334,33.333333333333336,51.11111111111111,-17.77777777777777,-41.836918109688824,72.00000000000001,611.6666666666666,24.200184560864813,-23.26254870200184,-46.0,44.00000000000001
IBM,d4_w300,4.0,1560,1.5,300,5.0,4.0,2880,21,13,1,4,8,0,7.6923076923076925,20.0,51.11111111111111,-31.111111111111107,-117.12577634890258,78.0,507.6923076923077,23.48660198985053,-29.3198482872694,-46.0,44.00000000000001
IBM,d5_w30,5.0,1560,1.5,30,5.0,4.0,2880,132,14,2,5,7,0,14.285714285714286,28.571428571428573,51.11111111111111,-22.539682539682534,-150.15448704603645,84.0,487.5,30.129992868303106,-33.422716820839106,-46.0,44.00000000000001
IBM,d5_w60,5.0,1560,1.5,60,5.0,4.0,2880,72,13,3,5,5,0,23.076923076923077,37.5,51.11111111111111,-13.611111111111107,-94.31720323192015,78.0,514.6153846153846,33.07438746612571,-32.461142570318586,-46.0,44.00000000000001
IBM,d5_w120,5.0,1560,1.5,120,5.0,4.0,2880,39,12,1,3,8,0,8.333333333333334,25.0,51.11111111111111,-26.111111111111107,-98.28661665454405,72.00000000000001,548.75,26.64589854759408,-25.608776355615046,-46.0,44.00000000000001
IBM,d5_w180,5.0,1560,1.5,180,5.0,4.0,2880,27,11,0,3,8,0,0.0,0.0,51.11111111111111,-51.11111111111111,-111.05743864033407,66.0,541.3636363636364,23.916434630682552,-29.531882451866327,-46.0,40.89620907886116
IBM,d5_w240,5.0,1560,1.5,240,5.0,4.0,2880,20,10,1,2,7,0,10.0,33.333333333333336,51.11111111111111,-17.77777777777777,-77.36158465481194,60.0,555.5,24.139902839246716,-28.986866001966465,-46.0,44.00000000000001
IBM,d5_w300,5.0,1560,1.5,300,5.0,4.0,2880,15,10,1,3,6,0,10.0,25.0,51.11111111111111,-26.111111111111107,-127.03585619463985,60.0,505.5,22.284839546870156,-36.02920239702008,-46.0,44.00000000000001
TXN,d4_w30,4.0,1560,1.5,30,5.0,4.0,2880,277,22,2,3,17,0,9.090909090909092,40.0,51.11111111111111,-11.111111111111107,-88.8207005787683,132.0,602.7272727272727,17.53541188528537,-25.61002102880976,-46.0,44.00000000000001
TXN,d4_w60,4.0,1560,1.5,60,5.0,4.0,2880,147,20,3,1,16,0,15.0,75.0,51.11111111111111,23.888888888888893,33.428366491152474,120.0,634.0,19.400214121613914,-19.997109871844508,-46.0,44.00000000000001
TXN,d4_w120,4.0,1560,1.5,120,5.0,4.0,2880,80,19,3,1,15,0,15.789473684210526,75.0,51.11111111111111,23.888888888888893,64.34347086710538,114.0,623.421052631579,20.915210178241452,-20.71548013669382,-46.0,44.00000000000001
TXN,d4_w180,4.0,1560,1.5,180,5.0,4.0,2880,55,18,2,1,15,0,11.11111111111111,66.66666666666667,51.11111111111111,15.555555555555564,-0.9398329122762223,108.0,609.1666666666666,15.349095081445395,-19.30384796584127,-46.0,44.00000000000001
TXN,d4_w240,4.0,1560,1.5,240,5.0,4.0,2880,42,19,2,2,15,0,10.526315789473685,50.0,51.11111111111111,-1.1111111111111072,-17.480617778437242,114.0,577.8947368421053,16.510761114182007,-24.887373754304914,-46.0,44.00000000000001
TXN,d4_w300,4.0,1560,1.5,300,5.0,4.0,2880,34,19,2,2,15,0,10.526315789473685,50.0,51.11111111111111,-1.1111111111111072,-98.97130393156439,114.0,569.2105263157895,20.341420940925865,-20.113437543170452,-46.0,44.00000000000001
TXN,d5_w30,5.0,1560,1.5,30,5.0,4.0,2880,208,17,3,1,13,0,17.647058823529413,75.0,51.11111111111111,23.888888888888893,41.066827321650585,102.00000000000001,663.8235294117648,31.385367537839578,-17.863074544322647,-46.0,44.00000000000001
TXN,d5_w60,5.0,1560,1.5,60,5.0,4.0,2880,114,17,3,1,13,0,17.647058823529413,75.0,51.11111111111111,23.888888888888893,80.02177678485181,102.00000000000001,658.5294117647059,25.922235004455395,-19.159792281905844,-46.0,44.00000000000001
TXN,d5_w120,5.0,1560,1.5,120,5.0,4.0,2880,62,16,3,1,12,0,18.75,75.0,51.11111111111111,23.888888888888893,36.24216328224052,96.0,610.3125,20.573748998584136,-21.274511100716673,-46.0,44.00000000000001
TXN,d5_w180,5.0,1560,1.5,180,5.0,4.0,2880,43,15,2,0,13,0,13.333333333333334,100.0,51.11111111111111,48.88888888888889,71.5424895379555,90.0,633.0,20.801040664983642,-13.552262254559087,-28.706376646090096,44.00000000000001
TXN,d5_w240,5.0,1560,1.5,240,5.0,4.0,2880,32,15,2,1,12,0,13.333333333333334,66.66666666666667,51.11111111111111,15.555555555555564,20.06459011568733,90.0,591.6666666666666,17.07767546515784,-22.2724148451222,-46.0,44.00000000000001
TXN,d5_w300,5.0,1560,1.5,300,5.0,4.0,2880,26,15,2,1,12,0,13.333333333333334,66.66666666666667,51.11111111111111,15.555555555555564,24.51970844317024,90.0,529.6666666666666,19.47861540018297,-18.758459251184792,-46.0,44.00000000000001
QCOM,d4_w30,4.0,1560,1.5,30,5.0,4.0,2880,256,23,4,7,12,0,17.391304347826086,36.36363636363637,51.11111111111111,-14.74747474747474,-125.72438663112717,138.0,540.8695652173913,24.27775797730395,-32.73164369845588,-46.0,44.00000000000001
QCOM,d4_w60,4.0,1560,1.5,60,5.0,4.0,2880,139,23,5,7,11,0,21.73913043478261,41.666666666666664,51.11111111111111,-9.444444444444443,-127.42519254777177,138.0,494.3478260869565,33.55821995584636,-30.67494086788493,-46.0,44.00000000000001
QCOM,d4_w120,4.0,1560,1.5,120,5.0,4.0,2880,72,21,5,8,8,0,23.80952380952381,38.46153846153846,51.11111111111111,-12.649572649572647,-148.6204675021029,126.0,493.8095238095238,31.43476535200224,-35.96111297251026,-46.0,44.00000000000001
QCOM,d4_w180,4.0,1560,1.5,180,5.0,4.0,2880,51,23,5,9,9,0,21.73913043478261,35.714285714285715,51.11111111111111,-15.396825396825392,-178.43388214541207,138.0,402.82608695652175,30.684329497728932,-37.32901362482318,-46.0,44.00000000000001
QCOM,d4_w240,4.0,1560,1.5,240,5.0,4.0,2880,37,19,4,6,9,0,21.05263157894737,40.0,51.11111111111111,-11.111111111111107,-68.51852977243105,114.0,463.6842105263158,28.31912114862249,-32.33906201100335,-46.0,44.00000000000001
QCOM,d4_w300,4.0,1560,1.5,300,5.0,4.0,2880,31,18,3,6,9,0,16.666666666666668,33.333333333333336,51.11111111111111,-17.77777777777777,-140.35411524852327,108.0,428.3333333333333,23.442697340655645,-32.789569397376845,-46.0,44.00000000000001
QCOM,d5_w30,5.0,1560,1.5,30,5.0,4.0,2880,199,18,5,6,7,0,27.77777777777778,45.45454545454545,51.11111111111111,-5.656565656565654,-11.246208828292065,108.0,505.8333333333333,32.52327008230977,-33.77284884100888,-46.0,44.00000000000001
QCOM,d5_w60,5.0,1560,1.5,60,5.0,4.0,2880,108,18,5,6,7,0,27.77777777777778,45.45454545454545,51.11111111111111,-5.656565656565654,-55.6591481719869,108.0,479.72222222222223,36.52350312102616,-34.784717314019616,-46.0,44.00000000000001
QCOM,d5_w120,5.0,1560,1.5,120,5.0,4.0,2880,59,17,4,7,6,0,23.529411764705884,36.36363636363637,51.11111111111111,-14.74747474747474,-95.01180924053168,102.00000000000001,514.1176470588235,32.105815875754885,-39.09537069406341,-46.0,44.00000000000001
QCOM,d5_w180,5.0,1560,1.5,180,5.0,4.0,2880,38,17,4,6,7,0,23.529411764705884,40.0,51.11111111111111,-11.111111111111107,-84.19978055915573,102.00000000000001,462.3529411764706,30.8447771596561,-36.77311087071161,-46.0,44.00000000000001
QCOM,d5_w240,5.0,1560,1.5,240,5.0,4.0,2880,29,16,3,6,7,0,18.75,33.333333333333336,51.11111111111111,-17.77777777777777,-116.13226634836052,96.0,474.375,27.03665314467674,-33.93209315123308,-46.0,44.00000000000001
QCOM,d5_w300,5.0,1560,1.5,300,5.0,4.0,2880,24,16,3,6,7,0,18.75,33.333333333333336,51.11111111111111,-17.77777777777777,-131.3806536525384,96.0,426.5625,25.229195305492507,-34.22055786566511,-46.0,44.00000000000001
AVGO,d4_w30,4.0,1560,1.5,30,5.0,4.0,2880,280,23,7,5,11,0,30.434782608695652,58.333333333333336,51.11111111111111,7.2222222222222285,46.52507909929276,138.0,551.7391304347826,29.403106948961586,-33.57153112372079,-46.0,44.00000000000001
AVGO,d4_w60,4.0,1560,1.5,60,5.0,4.0,2880,150,23,6,4,13,0,26.08695652173913,60.0,51.11111111111111,8.888888888888893,99.29962769201788,138.0,525.8695652173913,29.97699399904493,-29.040129429556618,-46.0,44.00000000000001
AVGO,d4_w120,4.0,1560,1.5,120,5.0,4.0,2880,81,22,7,5,10,0,31.818181818181817,58.333333333333336,51.11111111111111,7.2222222222222285,21.163023061483138,132.0,494.3181818181818,36.15343473435879,-28.364277023508734,-46.0,44.00000000000001
AVGO,d4_w180,4.0,1560,1.5,180,5.0,4.0,2880,55,22,5,5,12,0,22.727272727272727,50.0,51.11111111111111,-1.1111111111111072,1.348266697103195,132.0,452.72727272727275,32.62422779115287,-27.07450093453546,-46.0,44.00000000000001
AVGO,d4_w240,4.0,1560,1.5,240,5.0,4.0,2880,40,19,2,4,13,0,10.526315789473685,33.333333333333336,51.11111111111111,-17.77777777777777,-42.62908533644332,114.0,501.8421052631579,20.31211723965702,-33.257796871583814,-46.0,44.00000000000001
AVGO,d4_w300,4.0,1560,1.5,300,5.0,4.0,2880,33,19,2,4,13,0,10.526315789473685,33.333333333333336,51.11111111111111,-17.77777777777777,-60.1116347887875,114.0,442.63157894736844,22.02449402588633,-31.150730560850086,-46.0,44.00000000000001
AVGO,d5_w30,5.0,1560,1.5,30,5.0,4.0,2880,203,21,7,4,10,0,33.333333333333336,63.63636363636363,51.11111111111111,12.525252525252526,79.43720424671596,126.0,513.3333333333334,33.6294365995606,-29.04865983484506,-46.0,44.00000000000001
AVGO,d5_w60,5.0,1560,1.5,60,5.0,4.0,2880,113,21,6,4,11,0,28.571428571428573,60.0,51.11111111111111,8.888888888888893,80.91490808968386,126.0,500.4761904761905,33.962466552655954,-29.267222398953162,-46.0,44.00000000000001
AVGO,d5_w120,5.0,1560,1.5,120,5.0,4.0,2880,63,19,5,5,9,0,26.31578947368421,50.0,51.11111111111111,-1.1111111111111072,-47.354312529054994,114.0,505.2631578947368,34.20826310171702,-29.183674303890108,-46.0,44.00000000000001
AVGO,d5_w180,5.0,1560,1.5,180,5.0,4.0,2880,42,18,3,4,11,0,16.666666666666668,42.857142857142854,51.11111111111111,-8.253968253968253,-32.34807168648078,108.0,468.8888888888889,27.12847457288263,-30.722704760269387,-46.0,44.00000000000001
AVGO,d5_w240,5.0,1560,1.5,240,5.0,4.0,2880,31,17,3,3,11,0,17.647058823529413,50.0,51.11111111111111,-1.1111111111111072,38.81100037664174,102.00000000000001,507.3529411764706,26.78299994027688,-32.7169998608753,-46.0,44.00000000000001
AVGO,d5_w300,5.0,1560,1.5,300,5.0,4.0,2880,24,16,2,3,11,0,12.5,40.0,51.11111111111111,-11.111111111111107,-14.960404096489125,96.0,429.375,22.64022759661542,-31.246064638003986,-46.0,44.00000000000001
ORCL,d4_w30,4.0,1560,1.5,30,5.0,4.0,2880,349,29,9,8,12,0,31.03448275862069,52.94117647058823,51.11111111111111,1.8300653594771248,8.43786487351683,174.00000000000003,460.3448275862069,30.32757122678274,-36.67717498115439,-46.0,44.00000000000001
ORCL,d4_w60,4.0,1560,1.5,60,5.0,4.0,2880,184,29,10,10,9,0,34.48275862068966,50.0,51.11111111111111,-1.1111111111111072,-110.17468795522264,174.00000000000003,433.44827586206895,35.905287889532296,-36.05896440744641,-46.0,44.00000000000001
ORCL,d4_w120,4.0,1560,1.5,120,5.0,4.0,2880,96,27,7,10,10,0,25.925925925925927,41.1764705882353,51.11111111111111,-9.93464052287581,-216.83748218786712,162.0,434.6296296296296,33.81175895965962,-36.79792692150768,-46.0,44.00000000000001
ORCL,d4_w180,4.0,1560,1.5,180,5.0,4.0,2880,64,30,8,11,11,0,26.666666666666668,42.10526315789474,51.11111111111111,-9.005847953216367,-319.6188160026326,180.0,362.5,35.69674504931492,-37.488579555005096,-46.0,44.00000000000001
ORCL,d4_w240,4.0,1560,1.5,240,5.0,4.0,2880,45,22,6,7,9,0,27.272727272727273,46.15384615384615,51.11111111111111,-4.957264957264954,-155.58716548879067,132.0,452.5,39.08208103543529,-33.445986698019496,-46.0,44.00000000000001
ORCL,d4_w300,4.0,1560,1.5,300,5.0,4.0,2880,34,20,4,6,10,0,20.0,40.0,51.11111111111111,-11.111111111111107,-150.26301240051046,120.0,440.5,28.55970376644583,-31.561720211006428,-46.0,44.00000000000001
ORCL,d5_w30,5.0,1560,1.5,30,5.0,4.0,2880,308,26,8,8,10,0,30.76923076923077,50.0,51.11111111111111,-1.1111111111111072,-29.389503092190665,156.0,447.6923076923077,32.25830954619039,-34.519040553281975,-46.0,44.00000000000001
ORCL,d5_w60,5.0,1560,1.5,60,5.0,4.0,2880,166,27,9,10,8,0,33.333333333333336,47.36842105263158,51.11111111111111,-3.742690058479525,-132.40521437294944,162.0,417.22222222222223,37.613113027601734,-34.134341104785534,-46.0,44.00000000000001
ORCL,d5_w120,5.0,1560,1.5,120,5.0,4.0,2880,85,22,6,8,8,0,27.272727272727273,42.857142857142854,51.11111111111111,-8.253968253968253,-153.21474102470472,132.0,455.6818181818182,35.18907036210801,-36.14741340643668,-46.0,44.00000000000001
ORCL,d5_w180,5.0,1560,1.5,180,5.0,4.0,2880,55,25,7,9,9,0,28.0,43.75,51.11111111111111,-7.361111111111107,-269.0308344882413,150.0,375.4,36.65096631835005,-37.43059570958699,-46.0,44.00000000000001
ORCL,d5_w240,5.0,1560,1.5,240,5.0,4.0,2880,40,19,5,7,7,0,26.31578947368421,41.666666666666664,51.11111111111111,-9.444444444444443,-189.84352494464858,114.0,459.4736842105263,42.0444070567655,-34.00845902194166,-46.0,44.00000000000001
ORCL,d5_w300,5.0,1560,1.5,300,5.0,4.0,2880,31,19,4,6,9,0,21.05263157894737,40.0,51.11111111111111,-11.111111111111107,-168.5377098367838,114.0,414.7368421052632,29.846278093384218,-31.45513804087277,-46.0,44.00000000000001
