combo,symbol,entry_time,exit_time,outcome,ret,pnl,equity_before,equity_after,hold_minutes
d4_w30,ORCL,1782914100000,1783011900000,loss,-0.046,-46.0,1000.0,954.0,580
d4_w30,AMD,1783012500000,1783344600000,win,0.044000000000000004,41.976000000000006,954.0,995.976,165
d4_w30,ARM,1783346400000,1783431000000,loss,-0.046,-45.814896,995.976,950.161104,360
d4_w30,ORCL,1783431300000,1783434300000,loss,-0.046,-43.707410784,950.161104,906.453693216,50
d4_w30,AMD,1783434900000,1783603800000,win,0.044000000000000004,39.88396250150401,906.453693216,946.337655717504,715
d4_w30,INTC,1783605600000,1783690200000,loss,-0.046,-43.53153216300519,946.337655717504,902.8061235544989,360
d4_w30,AMD,1783691100000,1783949400000,timeout,-0.038833947272953966,-35.05952539981537,902.8061235544989,867.7465981546835,375
d4_w30,AVGO,1783951200000,1784124000000,timeout,0.007455119494981904,6.469154580607209,867.7465981546835,874.2157527352907,780
d4_w30,AMD,1784124300000,1784126100000,loss,-0.046,-40.213924625823374,874.2157527352907,834.0018281094674,30
d4_w30,IBM,1784126400000,1784208600000,loss,-0.046,-38.3640840930355,834.0018281094674,795.637744016432,320
d4_w30,AMD,1784210400000,1784295000000,loss,-0.046,-36.59933622475587,795.637744016432,759.038407791676,360
d4_w30,MU,1784296500000,1784303700000,win,0.044000000000000004,33.39768994283375,759.038407791676,792.4360977345098,120
d4_w30,HPE,1784304900000,1784554200000,timeout,-0.01447640521355797,-11.47162605665539,792.4360977345098,780.9644716778544,225
d4_w30,DELL,1784554800000,1784577300000,loss,-0.046,-35.9243656971813,780.9644716778544,745.040105980673,375
d4_w30,IBM,1784641500000,1784813400000,loss,-0.046,-34.27184487511096,745.040105980673,710.768261105562,765
d4_w30,ARM,1784815200000,1784903700000,loss,-0.046,-32.69534001085585,710.768261105562,678.0729210947062,425
d4_w30,INTC,1784904000000,1784920200000,loss,-0.046,-31.191354370356486,678.0729210947062,646.8815667243497,270
d4_w30,TXN,1784920500000,1785159000000,timeout,0.004561029423413082,2.950445859293312,646.8815667243497,649.832012583643,45
d4_w30,AMD,1785159300000,1785161400000,loss,-0.046,-29.892272578847574,649.832012583643,619.9397400047953,35
d4_w30,AVGO,1785162600000,1785335400000,timeout,-0.0074719339444349,-4.632148786845977,619.9397400047953,615.3075912179494,780
d4_w30,HPE,1785336000000,1785504600000,win,0.044000000000000004,27.073534013589775,615.3075912179494,642.3811252315392,710
d4_w30,AMD,1785505800000,1785763800000,loss,-0.046,-29.5495317606508,642.3811252315392,612.8315934708884,370
d4_w30,HPE,1785764100000,1785773700000,win,0.044000000000000004,26.96459011271909,612.8315934708884,639.7961835836074,160
d4_w30,TXN,1785774300000,1785859200000,win,0.044000000000000004,28.15103207767873,639.7961835836074,667.9472156612861,365
d4_w30,MU,1785860400000,1786023000000,loss,-0.046,-30.72557192041916,667.9472156612861,637.221643740867,610
d4_w30,MRVL,1786023900000,1786110000000,win,0.044000000000000004,28.03775232459815,637.221643740867,665.2593960654651,385
d4_w30,MU,1786110300000,1786368600000,timeout,-0.027635764944450962,-18.384952296752598,665.2593960654651,646.8744437687126,375
d4_w30,MU,1786369500000,1786542300000,win,0.044000000000000004,28.462475525823358,646.8744437687126,675.336919294536,780
d4_w30,ARM,1786542600000,1786629300000,win,0.044000000000000004,29.714824448959586,675.336919294536,705.0517437434955,395
d4_w30,TXN,1786631400000,1786973400000,timeout,0.012209965597847155,8.608657535810229,705.0517437434955,713.6604012793058,720
d4_w30,ARM,1786974000000,1787059800000,loss,-0.046,-32.828378458848064,713.6604012793058,680.8320228204577,380
d4_w30,DELL,1787061300000,1787065800000,loss,-0.046,-31.318273049741055,680.8320228204577,649.5137497707167,75
d4_w30,ARM,1787066100000,1787146200000,win,0.044000000000000004,28.578604989911536,649.5137497707167,678.0923547606283,285
d4_w30,ARM,1787146500000,1787148000000,loss,-0.046,-31.1922483189889,678.0923547606283,646.9001064416394,25
d4_w30,AVGO,1787148300000,1787321100000,timeout,0.01082913409470621,7.005367998536234,646.9001064416394,653.9054744401757,780
d4_w30,AMD,1787321400000,1787578200000,timeout,-0.01852871454773574,-12.116027877103724,653.9054744401757,641.7894465630719,350
d4_w30,AVGO,1787579400000,1787752200000,timeout,-0.029595506184432734,-18.994083534861055,641.7894465630719,622.7953630282109,780
d4_w30,ARM,1787752500000,1787837400000,win,0.044000000000000004,27.402995973241282,622.7953630282109,650.1983590014522,365
d4_w30,INTC,1787838900000,1787925300000,win,0.044000000000000004,28.6087277960639,650.1983590014522,678.8070867975161,390
d4_w30,AMD,1787925600000,1788183000000,timeout,-0.013640024510150223,-9.25894530158179,678.8070867975161,669.5481414959344,360
d4_w30,ARM,1788183600000,1788269700000,loss,-0.046,-30.79921450881298,669.5481414959344,638.7489269871214,385
d4_w30,AMD,1788271200000,1788444000000,timeout,-0.0313324188470132,-20.013548918440744,638.7489269871214,618.7353780686807,780
d4_w30,HPE,1788444300000,1788459900000,win,0.044000000000000004,27.22435663502195,618.7353780686807,645.9597347037027,260
d4_w30,AVGO,1788460800000,1788874200000,timeout,0.028176346160664785,18.200785090862716,645.9597347037027,664.1605197945654,470
d4_w30,ORCL,1788894900000,1789065000000,loss,-0.046,-30.55138391055001,664.1605197945654,633.6091358840154,735
d4_w30,ARM,1789065600000,1789392600000,loss,-0.046,-29.146020250664705,633.6091358840154,604.4631156333506,470
d4_w30,AMD,1789394400000,1789480200000,win,0.044000000000000004,26.59637708786743,604.4631156333506,631.059492721218,380
d4_w30,AVGO,1789480500000,1789653300000,timeout,0.005035360652332793,3.1776121389295136,631.059492721218,634.2371048601475,780
d4_w30,AVGO,1789653600000,1789761300000,timeout,0.02059113144302583,13.059659592219454,634.2371048601475,647.2967644523669,745
d4_w60,ORCL,1782915900000,1783008000000,loss,-0.046,-46.0,1000.0,954.0,485
d4_w60,AVGO,1783008900000,1783344600000,win,0.044000000000000004,41.976000000000006,954.0,995.976,225
d4_w60,ORCL,1783345200000,1783518000000,timeout,-0.014692290219844523,-14.63316844399987,995.976,981.3428315560001,780
d4_w60,INTC,1783519200000,1783524000000,loss,-0.046,-45.141770251576006,981.3428315560001,936.2010613044241,80
d4_w60,MU,1783525200000,1783603800000,win,0.044000000000000004,41.192846697394664,936.2010613044241,977.3939080018188,260
d4_w60,MU,1783607400000,1783690200000,loss,-0.046,-44.960119768083665,977.3939080018188,932.4337882337351,330
d4_w60,IBM,1783690500000,1783949400000,timeout,-0.018889318713617646,-17.613039005292887,932.4337882337351,914.8207492284422,385
d4_w60,IBM,1783949700000,1784035800000,loss,-0.046,-42.08175446450834,914.8207492284422,872.7389947639339,385
d4_w60,AVGO,1784036400000,1784209200000,timeout,-0.02197255896737637,-19.176309025579314,872.7389947639339,853.5626857383545,780
d4_w60,DELL,1784210400000,1784295000000,loss,-0.046,-39.263883543964305,853.5626857383545,814.2988021943902,360
d4_w60,ARM,1784296500000,1784304300000,win,0.044000000000000004,35.829147296553174,814.2988021943902,850.1279494909434,130
d4_w60,DELL,1784305200000,1784554200000,timeout,0.014579618720762971,12.394541367441995,850.1279494909434,862.5224908583854,220
d4_w60,ARM,1784555100000,1784640600000,win,0.044000000000000004,37.95098959776896,862.5224908583854,900.4734804561543,375
d4_w60,AVGO,1784642100000,1784814900000,timeout,0.02793356515108348,25.153434633144883,900.4734804561543,925.6269150892992,780
d4_w60,IBM,1784816400000,1784910300000,win,0.044000000000000004,40.727584263929174,925.6269150892992,966.3544993532284,515
d4_w60,AMD,1784910600000,1785159000000,timeout,-0.03441174720557604,-33.25394674271429,966.3544993532284,933.1005526105141,210
d4_w60,DELL,1785159600000,1785162000000,loss,-0.046,-42.92262542008365,933.1005526105141,890.1779271904304,40
d4_w60,ORCL,1785162900000,1785245400000,loss,-0.046,-40.9481846507598,890.1779271904304,849.2297425396706,325
d4_w60,TXN,1785246300000,1785419100000,timeout,0.00592203199450681,5.02916570600671,849.2297425396706,854.2589082456773,780
d4_w60,QCOM,1785421800000,1785763800000,timeout,-0.04233839969967212,-36.16795510431101,854.2589082456773,818.0909531413663,720
d4_w60,DELL,1785766800000,1785779700000,win,0.044000000000000004,35.99600193822012,818.0909531413663,854.0869550795865,215
d4_w60,SNDK,1785781200000,1785850200000,win,0.044000000000000004,37.57982602350181,854.0869550795865,891.6667811030883,100
d4_w60,MU,1785853800000,1785937800000,win,0.044000000000000004,39.23333836853589,891.6667811030883,930.9001194716242,350
d4_w60,MU,1785940500000,1786023000000,loss,-0.046,-42.82140549569471,930.9001194716242,888.0787139759294,325
d4_w60,AMD,1786025700000,1786368600000,timeout,-0.039299775623613746,-34.90129419536147,888.0787139759294,853.1774197805679,735
d4_w60,MU,1786370100000,1786458000000,loss,-0.046,-39.24616130990612,853.1774197805679,813.9312584706618,415
d4_w60,AMD,1786458300000,1786628100000,win,0.044000000000000004,35.81297537270912,813.9312584706618,849.7442338433709,730
d4_w60,ARM,1786628400000,1786973400000,timeout,-0.009091593122201197,-7.725528832040517,849.7442338433709,842.0187050113304,770
d4_w60,AVGO,1786974000000,1787062200000,loss,-0.046,-38.7328604305212,842.0187050113304,803.2858445808092,420
d4_w60,ARM,1787063400000,1787146200000,win,0.044000000000000004,35.34457716155561,803.2858445808092,838.6304217423649,330
d4_w60,ARM,1787146500000,1787148000000,loss,-0.046,-38.576999400148786,838.6304217423649,800.0534223422161,25
d4_w60,MU,1787148300000,1787255700000,win,0.044000000000000004,35.20235058305751,800.0534223422161,835.2557729252736,740
d4_w60,MU,1787319300000,1787578200000,loss,-0.046,-38.42176555456258,835.2557729252736,796.834007370711,385
d4_w60,AVGO,1787579400000,1787752200000,timeout,-0.029595506184432734,-23.582705793106197,796.834007370711,773.2513015776047,780
d4_w60,SNDK,1787752500000,1787925300000,timeout,-0.0005495911309383265,-0.42497205733356874,773.2513015776047,772.8263295202712,780
d4_w60,SNDK,1787925900000,1788183000000,timeout,0.017853784843612004,13.797875008733314,772.8263295202712,786.6242045290045,355
d4_w60,ARM,1788183300000,1788270000000,loss,-0.046,-36.184713408334204,786.6242045290045,750.4394911206703,395
d4_w60,AMD,1788273000000,1788445800000,timeout,-0.014379287738364494,-10.790785373055945,750.4394911206703,739.6487057476143,780
d4_w60,AMD,1788446100000,1788531000000,win,0.044000000000000004,32.54454305289503,739.6487057476143,772.1932488005093,365
d4_w60,AVGO,1788534900000,1788874200000,timeout,0.02859741351996093,22.08272965327024,772.1932488005093,794.2759784537795,285
d4_w60,ORCL,1788896700000,1789064100000,loss,-0.046,-36.536695008873856,794.2759784537795,757.7392834449057,690
d4_w60,DELL,1789066200000,1789133700000,win,0.044000000000000004,33.34052847157585,757.7392834449057,791.0798119164815,75
d4_w60,AMD,1789135200000,1789392600000,loss,-0.046,-36.389671348158146,791.0798119164815,754.6901405683234,360
d4_w60,AMD,1789396200000,1789480500000,win,0.044000000000000004,33.20636618500623,754.6901405683234,787.8965067533296,355
d4_w60,ARM,1789482600000,1789651800000,win,0.044000000000000004,34.667446297146505,787.8965067533296,822.5639530504761,720
d4_w60,TXN,1789654800000,1789761300000,timeout,0.012206877014586453,10.040937011519228,822.5639530504761,832.6048900619953,725
d4_w120,ORCL,1782919500000,1783007700000,loss,-0.046,-46.0,1000.0,954.0,420
d4_w120,AMD,1783010400000,1783344600000,win,0.044000000000000004,41.976000000000006,954.0,995.976,200
d4_w120,ORCL,1783349700000,1783522500000,timeout,-0.029278801144481663,-29.160983248676267,995.976,966.8150167513237,780
d4_w120,SNDK,1783524000000,1783539900000,win,0.044000000000000004,42.53986073705825,966.8150167513237,1009.3548774883819,265
d4_w120,AMD,1783611000000,1783949400000,timeout,-0.03927043737573454,-39.63780750629971,1009.3548774883819,969.7170699820822,660
d4_w120,QCOM,1783953300000,1784037600000,loss,-0.046,-44.60698521917578,969.7170699820822,925.1100847629064,355
d4_w120,QCOM,1784039400000,1784128500000,loss,-0.046,-42.55506389909369,925.1100847629064,882.5550208638126,435
d4_w120,QCOM,1784129100000,1784230500000,loss,-0.046,-40.59753095973538,882.5550208638126,841.9574899040772,640
d4_w120,QCOM,1784230800000,1784554200000,timeout,0.012882735071770407,10.846715284127033,841.9574899040772,852.8042051882043,410
d4_w120,DELL,1784554800000,1784577300000,loss,-0.046,-39.2289934386574,852.8042051882043,813.5752117495468,375
d4_w120,ORCL,1784640600000,1784813400000,timeout,-0.011460747904092234,-9.324180402880014,813.5752117495468,804.2510313466669,780
d4_w120,IBM,1784815800000,1784905800000,win,0.044000000000000004,35.387045379253344,804.2510313466669,839.6380767259202,450
d4_w120,TXN,1784906400000,1785159000000,timeout,0.004235434879836136,3.5562323966034923,839.6380767259202,843.1943091225237,280
d4_w120,ARM,1785159300000,1785162900000,loss,-0.046,-38.78693821963609,843.1943091225237,804.4073709028876,60
d4_w120,TXN,1785164700000,1785337500000,timeout,-0.02562624566644677,-20.613940902657962,804.4073709028876,783.7934300002296,780
d4_w120,QCOM,1785339000000,1785418200000,loss,-0.046,-36.05449778001056,783.7934300002296,747.738932220219,270
d4_w120,ARM,1785420300000,1785504600000,win,0.044000000000000004,32.90051301768964,747.738932220219,780.6394452379086,355
d4_w120,SNDK,1785505500000,1785506700000,loss,-0.046,-35.909414480943795,780.6394452379086,744.7300307569648,20
d4_w120,IBM,1785511200000,1785763800000,timeout,0.0245006093530118,18.246339557032858,744.7300307569648,762.9763703139977,280
d4_w120,DELL,1785766500000,1785778800000,win,0.044000000000000004,33.5709602938159,762.9763703139977,796.5473306078136,205
d4_w120,MU,1785781500000,1785850200000,win,0.044000000000000004,35.0480825467438,796.5473306078136,831.5954131545574,95
d4_w120,MU,1785858600000,1786023000000,loss,-0.046,-38.25338900510964,831.5954131545574,793.3420241494478,640
d4_w120,AMD,1786025100000,1786368600000,timeout,-0.03594359909071453,-28.515567657843718,793.3420241494478,764.8264564916041,745
d4_w120,SNDK,1786368900000,1786541400000,win,0.044000000000000004,33.65236408563058,764.8264564916041,798.4788205772346,775
d4_w120,QCOM,1786543800000,1786716600000,timeout,0.010275107821678958,8.204455974758133,798.4788205772346,806.6832765519928,780
d4_w120,DELL,1786717500000,1786973400000,timeout,-0.03089837398373984,-24.925201565332102,806.6832765519928,781.7580749866606,335
d4_w120,HPE,1786977900000,1787059800000,loss,-0.046,-35.96087144938639,781.7580749866606,745.7972035372743,315
d4_w120,IBM,1787066100000,1787238900000,timeout,0.01922499980193671,14.337951090289051,745.7972035372743,760.1351546275633,780
d4_w120,AVGO,1787239200000,1787578200000,timeout,-0.0059573896318070255,-4.528421288950276,760.1351546275633,755.606733338613,670
d4_w120,AVGO,1787583000000,1787755800000,timeout,-0.03597130752674515,-27.180162174202565,755.606733338613,728.4265711644105,780
d4_w120,INTC,1787756400000,1787837400000,win,0.044000000000000004,32.05076913123406,728.4265711644105,760.4773402956446,300
d4_w120,SNDK,1787841900000,1788183000000,timeout,0.012725431232137213,9.677402097530836,760.4773402956446,770.1547423931754,705
d4_w120,AMD,1788184200000,1788357000000,timeout,-0.04248449649207741,-32.719636451559644,770.1547423931754,737.4351059416158,780
d4_w120,INTC,1788359400000,1788528600000,win,0.044000000000000004,32.447144661431096,737.4351059416158,769.8822506030469,720
d4_w120,AVGO,1788534900000,1788874200000,timeout,0.02859741351996093,22.016641082173525,769.8822506030469,791.8988916852205,285
d4_w120,ORCL,1788963300000,1789068300000,loss,-0.046,-36.42734901752014,791.8988916852205,755.4715426677004,700
d4_w120,DELL,1789069200000,1789133700000,win,0.044000000000000004,33.24074787737882,755.4715426677004,788.7122905450792,25
d4_w120,ORCL,1789134000000,1789136400000,loss,-0.046,-36.28076536507364,788.7122905450792,752.4315251800056,40
d4_w120,MU,1789139700000,1789392600000,loss,-0.046,-34.611850158280255,752.4315251800056,717.8196750217253,285
d4_w120,AMD,1789399800000,1789565400000,win,0.044000000000000004,31.584065700955914,717.8196750217253,749.4037407226812,660
d4_w120,TXN,1789567200000,1789740000000,timeout,-0.018160198361387485,-13.609320584289685,749.4037407226812,735.7944201383915,780
d4_w120,IBM,1789745700000,1789761300000,timeout,-0.009666823727338398,-7.112794959037001,735.7944201383915,728.6816251793545,260
d4_w180,ORCL,1782923100000,1783014300000,loss,-0.046,-46.0,1000.0,954.0,470
d4_w180,QCOM,1783015500000,1783344600000,win,0.044000000000000004,41.976000000000006,954.0,995.976,115
d4_w180,INTC,1783355400000,1783431000000,loss,-0.046,-45.814896,995.976,950.161104,210
d4_w180,QCOM,1783441200000,1783603800000,win,0.044000000000000004,41.807088576000005,950.161104,991.968192576,610
d4_w180,AMD,1783614600000,1783949400000,timeout,-0.03327794904679337,-33.01066696858384,991.968192576,958.9575256074162,600
d4_w180,QCOM,1783954500000,1784037600000,loss,-0.046,-44.112046177941146,958.9575256074162,914.8454794294751,335
d4_w180,QCOM,1784040900000,1784128500000,loss,-0.046,-42.08289205375585,914.8454794294751,872.7625873757192,410
d4_w180,AVGO,1784129400000,1784225100000,loss,-0.046,-40.14707901928308,872.7625873757192,832.6155083564362,545
d4_w180,HPE,1784225400000,1784554200000,timeout,0.0031803358924982258,2.6479969858766306,832.6155083564362,835.2635053423128,500
d4_w180,SNDK,1784559000000,1784640600000,win,0.044000000000000004,36.751594235061766,835.2635053423128,872.0150995773746,310
d4_w180,QCOM,1784648400000,1784821200000,timeout,-0.02644728134756357,-23.06242867784649,872.0150995773746,848.9526708995281,780
d4_w180,IBM,1784822100000,1785159000000,win,0.044000000000000004,37.35391751957924,848.9526708995281,886.3065884191074,635
d4_w180,ARM,1785159300000,1785162900000,loss,-0.046,-40.77010306727894,886.3065884191074,845.5364853518284,60
d4_w180,AVGO,1785163500000,1785336300000,timeout,-0.01552637378960075,-13.128115524317769,845.5364853518284,832.4083698275107,780
d4_w180,ORCL,1785342900000,1785418800000,win,0.044000000000000004,36.625968272410475,832.4083698275107,869.0343380999211,215
d4_w180,ARM,1785424200000,1785504600000,win,0.044000000000000004,38.237510876396534,869.0343380999211,907.2718489763176,290
d4_w180,INTC,1785505200000,1785763800000,loss,-0.046,-41.73450505291061,907.2718489763176,865.537343923407,380
d4_w180,AMD,1785770100000,1785850200000,win,0.044000000000000004,38.08364313262991,865.537343923407,903.6209870560369,285
d4_w180,MU,1785864300000,1786023000000,loss,-0.046,-41.5665654045777,903.6209870560369,862.0544216514593,545
d4_w180,MRVL,1786024800000,1786368600000,win,0.044000000000000004,37.93039455266421,862.0544216514593,899.9848162041235,750
d4_w180,MU,1786377000000,1786542300000,win,0.044000000000000004,39.59933191298144,899.9848162041235,939.584148117105,655
d4_w180,AVGO,1786547700000,1786715100000,loss,-0.046,-43.22087081338683,939.584148117105,896.3632773037182,690
d4_w180,TXN,1786719600000,1786973400000,timeout,0.013459830735313988,12.064897989859361,896.3632773037182,908.4281752935775,300
d4_w180,HPE,1786978800000,1787059800000,loss,-0.046,-41.78769606350456,908.4281752935775,866.640479230073,300
d4_w180,IBM,1787070300000,1787243100000,timeout,0.012946299588436188,11.219787279578435,866.640479230073,877.8602665096514,780
d4_w180,SNDK,1787243400000,1787578200000,loss,-0.046,-40.38157225944396,877.8602665096514,837.4786942502075,600
d4_w180,AVGO,1787585700000,1787758500000,timeout,-0.03384523849888187,-28.344666144630445,837.4786942502075,809.134028105577,780
d4_w180,TXN,1787758800000,1787931600000,timeout,-0.016518447073530555,-13.36563761865456,809.134028105577,795.7683904869225,780
d4_w180,HPE,1787935200000,1788183000000,timeout,0.006460812538884536,5.141310395305874,795.7683904869225,800.9097008822283,200
d4_w180,MU,1788186000000,1788358800000,timeout,0.0014503330645292464,1.1615858208917242,800.9097008822283,802.07128670312,780
d4_w180,INTC,1788361200000,1788528600000,win,0.044000000000000004,35.29113661493729,802.07128670312,837.3624233180573,690
d4_w180,AVGO,1788538500000,1788874200000,timeout,0.030401456013609225,25.457036879953147,837.3624233180573,862.8194601980105,225
d4_w180,ORCL,1788966900000,1789065000000,loss,-0.046,-39.68969516910848,862.8194601980105,823.1297650289019,585
d4_w180,INTC,1789066800000,1789392600000,loss,-0.046,-37.86396919132949,823.1297650289019,785.2657958375725,450
d4_w180,ARM,1789403400000,1789576200000,timeout,0.018679116827607485,14.668071541174184,785.2657958375725,799.9338673787466,780
d4_w180,MRVL,1789576500000,1789651800000,win,0.044000000000000004,35.19709016466486,799.9338673787466,835.1309575434115,205
d4_w180,TXN,1789657800000,1789761300000,timeout,0.02205610633213851,18.419737200838135,835.1309575434115,853.5506947442495,675
d4_w240,QCOM,1782926700000,1783003200000,loss,-0.046,-46.0,1000.0,954.0,225
d4_w240,TXN,1783004400000,1783344600000,timeout,0.007712038352499123,7.3572845882841635,954.0,961.3572845882842,300
d4_w240,MU,1783358700000,1783431000000,loss,-0.046,-44.22243509106107,961.3572845882842,917.1348494972231,155
d4_w240,DELL,1783436700000,1783517400000,win,0.044000000000000004,40.353933377877816,917.1348494972231,957.4887828751009,295
d4_w240,QCOM,1783518300000,1783603800000,win,0.044000000000000004,42.12950644650444,957.4887828751009,999.6182893216054,375
d4_w240,AMD,1783618200000,1783949400000,timeout,-0.02808683374420228,-28.076112699839825,999.6182893216054,971.5421766217655,540
d4_w240,QCOM,1783958100000,1784046300000,loss,-0.046,-44.69094012460121,971.5421766217655,926.8512364971643,420
d4_w240,ARM,1784050200000,1784126400000,loss,-0.046,-42.63515687886956,926.8512364971643,884.2160796182948,220
d4_w240,ORCL,1784127900000,1784212800000,loss,-0.046,-40.67393966244156,884.2160796182948,843.5421399558533,365
d4_w240,DELL,1784217900000,1784295000000,loss,-0.046,-38.802938437969246,843.5421399558533,804.739201517884,235
d4_w240,SNDK,1784297100000,1784317200000,loss,-0.046,-37.018003269822664,804.739201517884,767.7211982480613,335
d4_w240,ARM,1784317800000,1784554200000,timeout,0.019617963812324397,15.061126685184792,767.7211982480613,782.7823249332462,10
d4_w240,AVGO,1784555700000,1784728500000,timeout,0.017213588822741606,13.474493079110614,782.7823249332462,796.2568180123568,780
d4_w240,IBM,1784730300000,1784813400000,loss,-0.046,-36.62781362856841,796.2568180123568,759.6290043837884,335
d4_w240,IBM,1784816100000,1785159000000,win,0.044000000000000004,33.42367619288669,759.6290043837884,793.052680576675,735
d4_w240,ORCL,1785160800000,1785245400000,loss,-0.046,-36.48042330652705,793.052680576675,756.5722572701479,360
d4_w240,TXN,1785248700000,1785421500000,timeout,0.00919005287398234,6.95293904730083,756.5722572701479,763.5251963174487,780
d4_w240,TXN,1785423000000,1785763800000,timeout,-0.04264303028328675,-32.55902806861742,763.5251963174487,730.9661682488313,700
d4_w240,QCOM,1785769800000,1785850200000,win,0.044000000000000004,32.16251140294858,730.9661682488313,763.1286796517799,290
d4_w240,MU,1785867900000,1786023000000,loss,-0.046,-35.10391926398187,763.1286796517799,728.024760387798,485
d4_w240,AMD,1786024800000,1786368600000,timeout,-0.025764309503710885,-18.75705525299618,728.024760387798,709.2677051348018,750
d4_w240,AMD,1786374600000,1786547400000,timeout,0.022160379674037507,15.717641636320488,709.2677051348018,724.9853467711223,780
d4_w240,AVGO,1786549800000,1786715100000,loss,-0.046,-33.34932595147163,724.9853467711223,691.6360208196506,655
d4_w240,TXN,1786715400000,1786973400000,timeout,0.02031479702644124,14.05044537912669,691.6360208196506,705.6864661987773,370
d4_w240,HPE,1786977900000,1787059800000,loss,-0.046,-32.46157744514376,705.6864661987773,673.2248887536335,315
d4_w240,IBM,1787066400000,1787239200000,timeout,0.018634644581704725,12.545306525481664,673.2248887536335,685.7701952791152,780
d4_w240,DELL,1787239500000,1787578200000,timeout,0.006986174010382934,4.790909915354184,685.7701952791152,690.5611051944694,665
d4_w240,AVGO,1787581500000,1787754300000,timeout,-0.0336833149893646,-23.260387225669056,690.5611051944694,667.3007179688003,780
d4_w240,SNDK,1787755200000,1787837400000,win,0.044000000000000004,29.361231590627217,667.3007179688003,696.6619495594275,320
d4_w240,SNDK,1787848800000,1788183000000,timeout,0.0200813678139602,13.989924851093452,696.6619495594275,710.6518744105209,590
d4_w240,AMD,1788188700000,1788361500000,timeout,-0.026852490890050366,-19.08277298360573,710.6518744105209,691.5691014269152,780
d4_w240,IBM,1788361800000,1788534600000,timeout,0.008161993758765146,5.644582689601301,691.5691014269152,697.2136841165164,780
d4_w240,HPE,1788539400000,1788874200000,timeout,0.015429234573120404,10.757473479823204,697.2136841165164,707.9711575963397,210
d4_w240,ORCL,1788970500000,1789067100000,loss,-0.046,-32.566673249431624,707.9711575963397,675.4044843469081,560
d4_w240,INTC,1789133400000,1789392600000,loss,-0.046,-31.068606279957773,675.4044843469081,644.3358780669504,390
d4_w240,ARM,1789407000000,1789579800000,timeout,0.010217870969467363,6.583740863086555,644.3358780669504,650.9196189300369,780
d4_w240,ORCL,1789580100000,1789654800000,win,0.044000000000000004,28.640463232921626,650.9196189300369,679.5600821629586,195
d4_w240,TXN,1789661400000,1789761300000,timeout,0.02126439190362795,14.45043190917476,679.5600821629586,694.0105140721333,615
d4_w300,QCOM,1782930300000,1783002600000,loss,-0.046,-46.0,1000.0,954.0,155
d4_w300,ORCL,1783016700000,1783344600000,timeout,0.012654728126465958,12.072610632648525,954.0,966.0726106326485,95
d4_w300,MU,1783344900000,1783431000000,loss,-0.046,-44.43934008910183,966.0726106326485,921.6332705435467,385
d4_w300,QCOM,1783443900000,1783603800000,win,0.044000000000000004,40.55186390391606,921.6332705435467,962.1851344474628,565
d4_w300,AMD,1783621800000,1783949400000,timeout,-0.024592088471562905,-23.662141952354656,962.1851344474628,938.5229924951082,480
d4_w300,IBM,1783964700000,1784035800000,loss,-0.046,-43.172057654774974,938.5229924951082,895.3509348403331,135
d4_w300,QCOM,1784052900000,1784208600000,loss,-0.046,-41.18614300265532,895.3509348403331,854.1647918376779,495
d4_w300,ARM,1784226600000,1784295300000,loss,-0.046,-39.29158042453318,854.1647918376779,814.8732114131446,95
d4_w300,IBM,1784295600000,1784554200000,timeout,-0.021987131150372423,-17.916724170265965,814.8732114131446,796.9564872428787,380
d4_w300,SNDK,1784554500000,1784640600000,win,0.044000000000000004,35.06608543868666,796.9564872428787,832.0225726815653,385
d4_w300,QCOM,1784643300000,1784816100000,timeout,-0.002714146836674253,-2.258231433685244,832.0225726815653,829.76434124788,780
d4_w300,IBM,1784818500000,1784915700000,win,0.044000000000000004,36.509631014906724,829.76434124788,866.2739722627867,570
d4_w300,QCOM,1784917200000,1785159000000,timeout,0.005763919042951487,4.993133045138705,866.2739722627867,871.2671053079255,100
d4_w300,ARM,1785159300000,1785162900000,loss,-0.046,-40.07828684416457,871.2671053079255,831.1888184637609,60
d4_w300,TXN,1785169500000,1785342300000,timeout,-0.033985490930624855,-28.248360051536935,831.1888184637609,802.940458412224,780
d4_w300,QCOM,1785345000000,1785418200000,loss,-0.046,-36.9352610869623,802.940458412224,766.0051973252616,170
d4_w300,HPE,1785429300000,1785504600000,win,0.044000000000000004,33.704228682311516,766.0051973252616,799.7094260075731,205
d4_w300,HPE,1785511800000,1785763800000,timeout,-0.018188675617141985,-14.545655337622557,799.7094260075731,785.1637706699506,270
d4_w300,QCOM,1785774600000,1785850200000,win,0.044000000000000004,34.54720590947783,785.1637706699506,819.7109765794285,210
d4_w300,MU,1785868800000,1786023000000,loss,-0.046,-37.70670492265371,819.7109765794285,782.0042716567748,470
d4_w300,AMD,1786028400000,1786368600000,timeout,-0.04444492255118825,-34.75611928848373,782.0042716567748,747.248152368291,690
d4_w300,MU,1786381200000,1786542300000,win,0.044000000000000004,32.87891870420481,747.248152368291,780.1270710724958,585
d4_w300,ARM,1786549200000,1786628700000,win,0.044000000000000004,34.32559112718982,780.1270710724958,814.4526621996856,275
d4_w300,TXN,1786641300000,1786973400000,timeout,0.010158018408947816,8.273225135840963,814.4526621996856,822.7258873355266,555
d4_w300,INTC,1786974600000,1787059800000,loss,-0.046,-37.84539081743422,822.7258873355266,784.8804965180924,370
d4_w300,ARM,1787077800000,1787146200000,win,0.044000000000000004,34.53474184679607,784.8804965180924,819.4152383648884,90
d4_w300,ARM,1787159100000,1787331900000,timeout,-0.03282983505737857,-26.90126711902183,819.4152383648884,792.5139712458666,780
d4_w300,MU,1787332200000,1787578200000,loss,-0.046,-36.45564267730986,792.5139712458666,756.0583285685568,170
d4_w300,AVGO,1787581800000,1787754600000,timeout,-0.036479826022191124,-27.580876288809566,756.0583285685568,728.4774522797472,780
d4_w300,ARM,1787758500000,1787837400000,win,0.044000000000000004,32.053007900308884,728.4774522797472,760.5304601800561,265
d4_w300,MU,1787841300000,1788183000000,timeout,0.010530940628675994,8.009101122455803,760.5304601800561,768.539561302512,715
d4_w300,ARM,1788184200000,1788269400000,loss,-0.046,-35.35281981991555,768.539561302512,733.1867414825964,370
d4_w300,INTC,1788279300000,1788452100000,timeout,0.010895701639798144,7.988583981450184,733.1867414825964,741.1753254640466,780
d4_w300,SNDK,1788458700000,1788528900000,win,0.044000000000000004,32.61171432041805,741.1753254640466,773.7870397844647,120
d4_w300,AVGO,1788530700000,1788874200000,timeout,0.030612853683708703,23.687829431271904,773.7870397844647,797.4748692157366,355
d4_w300,ORCL,1788974100000,1789048200000,loss,-0.046,-36.683843983923886,797.4748692157366,760.7910252318127,185
d4_w300,QCOM,1789057200000,1789392600000,loss,-0.046,-34.99638716066338,760.7910252318127,725.7946380711493,610
d4_w300,ARM,1789410600000,1789583400000,timeout,0.00686065555932514,4.979427018611208,725.7946380711493,730.7740650897605,780
d4_w300,HPE,1789583700000,1789652700000,win,0.044000000000000004,32.154058863949466,730.7740650897605,762.9281239537099,100
d4_w300,IBM,1789654200000,1789740000000,loss,-0.046,-35.09469370187065,762.9281239537099,727.8334302518392,380
d4_w300,TXN,1789746300000,1789761300000,timeout,0.005757589548881286,4.190566151344406,727.8334302518392,732.0239964031837,250
d5_w30,ORCL,1782914100000,1783011900000,loss,-0.046,-46.0,1000.0,954.0,580
d5_w30,AMD,1783012500000,1783344600000,win,0.044000000000000004,41.976000000000006,954.0,995.976,165
d5_w30,ARM,1783346400000,1783431000000,loss,-0.046,-45.814896,995.976,950.161104,360
d5_w30,HPE,1783431900000,1783603800000,win,0.044000000000000004,41.807088576000005,950.161104,991.968192576,765
d5_w30,INTC,1783605600000,1783690200000,loss,-0.046,-45.630536858496,991.968192576,946.3376557175039,360
d5_w30,AMD,1783690500000,1783949400000,timeout,-0.02520326987465659,-23.850803329598108,946.3376557175039,922.4868523879059,385
d5_w30,DELL,1783951200000,1784035800000,win,0.044000000000000004,40.58942150506786,922.4868523879059,963.0762738929737,360
d5_w30,QCOM,1784036400000,1784125500000,loss,-0.046,-44.30150859907679,963.0762738929737,918.774765293897,435
d5_w30,IBM,1784126400000,1784208600000,loss,-0.046,-42.26363920351926,918.774765293897,876.5111260903777,320
d5_w30,AMD,1784210400000,1784295000000,loss,-0.046,-40.31951180015737,876.5111260903777,836.1916142902204,360
d5_w30,MU,1784296500000,1784303700000,win,0.044000000000000004,36.7924310287697,836.1916142902204,872.9840453189901,120
d5_w30,HPE,1784304900000,1784554200000,timeout,-0.01447640521355797,-12.637670785008755,872.9840453189901,860.3463745339814,225
d5_w30,DELL,1784554800000,1784577300000,loss,-0.046,-39.575933228563144,860.3463745339814,820.7704413054182,375
d5_w30,AVGO,1784641200000,1784814000000,timeout,0.03054169546674635,25.067720866457094,820.7704413054182,845.8381621718753,780
d5_w30,ARM,1784815200000,1784903700000,loss,-0.046,-38.90855545990626,845.8381621718753,806.9296067119691,425
d5_w30,AMD,1784904300000,1785159000000,timeout,-0.012000044643708291,-9.683191304873603,806.9296067119691,797.2464154070955,315
d5_w30,SNDK,1785159300000,1785159900000,loss,-0.046,-36.67333510872639,797.2464154070955,760.5730802983691,10
d5_w30,QCOM,1785160800000,1785263100000,loss,-0.046,-34.98636169372497,760.5730802983691,725.5867186046441,655
d5_w30,QCOM,1785264000000,1785354900000,loss,-0.046,-33.37698905581363,725.5867186046441,692.2097295488305,465
d5_w30,HPE,1785418200000,1785504600000,win,0.044000000000000004,30.457228100148544,692.2097295488305,722.6669576489791,390
d5_w30,AMD,1785505800000,1785763800000,loss,-0.046,-33.242680051853036,722.6669576489791,689.424277597126,370
d5_w30,AMD,1785765300000,1785850200000,win,0.044000000000000004,30.334668214273545,689.424277597126,719.7589458113995,365
d5_w30,MU,1785852000000,1785937500000,win,0.044000000000000004,31.66939361570158,719.7589458113995,751.428339427101,375
d5_w30,AMD,1785949200000,1786122000000,timeout,-0.019632704416061346,-14.75257047782409,751.428339427101,736.675768949277,780
d5_w30,DELL,1786123200000,1786368600000,timeout,0.013601477948669732,10.019879226682908,736.675768949277,746.6956481759598,160
d5_w30,MU,1786369500000,1786542300000,win,0.044000000000000004,32.854608519742236,746.6956481759598,779.550256695702,780
d5_w30,ARM,1786542600000,1786629300000,win,0.044000000000000004,34.3002112946109,779.550256695702,813.850467990313,395
d5_w30,TXN,1786648200000,1786973400000,timeout,0.02358887104418029,19.19781373866927,813.850467990313,833.0482817289823,440
d5_w30,HPE,1786974900000,1787064900000,loss,-0.046,-38.32022095953318,833.0482817289823,794.728060769449,450
d5_w30,TXN,1787065500000,1787238300000,timeout,-0.015173504134087907,-12.0588095155609,794.728060769449,782.6692512538881,780
d5_w30,AVGO,1787238600000,1787578200000,timeout,-0.007727187299596866,-6.047831898074032,782.6692512538881,776.621419355814,680
d5_w30,TXN,1787578500000,1787751300000,timeout,-0.006461040927700607,-5.017782775786851,776.621419355814,771.6036365800272,780
d5_w30,MRVL,1787751900000,1787837400000,win,0.044000000000000004,33.950560009521205,771.6036365800272,805.5541965895484,375
d5_w30,INTC,1787838900000,1787925300000,win,0.044000000000000004,35.44438464994013,805.5541965895484,840.9985812394885,390
d5_w30,MRVL,1787925600000,1788183000000,loss,-0.046,-38.685934737016474,840.9985812394885,802.312646502472,360
d5_w30,ARM,1788183600000,1788269700000,loss,-0.046,-36.90638173911371,802.312646502472,765.4062647633583,385
d5_w30,AMD,1788271200000,1788444000000,timeout,-0.0313324188470132,-23.982029675693425,765.4062647633583,741.4242350876649,780
d5_w30,HPE,1788444300000,1788459900000,win,0.044000000000000004,32.62266634385726,741.4242350876649,774.0469014315222,260
d5_w30,HPE,1788461100000,1788464700000,win,0.044000000000000004,34.05806366298698,774.0469014315222,808.1049650945092,60
d5_w30,AVGO,1788544800000,1788874200000,timeout,0.03256290954078112,26.31424887782859,808.1049650945092,834.4192139723378,120
d5_w30,ORCL,1788894900000,1789065000000,loss,-0.046,-38.38328384272754,834.4192139723378,796.0359301296103,735
d5_w30,ARM,1789065600000,1789392600000,loss,-0.046,-36.61765278596207,796.0359301296103,759.4182773436482,470
d5_w30,AMD,1789394400000,1789480200000,win,0.044000000000000004,33.414404203120526,759.4182773436482,792.8326815467688,380
d5_w30,AVGO,1789480500000,1789653300000,timeout,0.005035360652332793,3.992198488544095,792.8326815467688,796.8248800353128,780
d5_w30,AVGO,1789653600000,1789761300000,timeout,0.02059113144302583,16.407525841880414,796.8248800353128,813.2324058771933,745
d5_w60,ORCL,1782915900000,1783008000000,loss,-0.046,-46.0,1000.0,954.0,485
d5_w60,AMD,1783010400000,1783344600000,win,0.044000000000000004,41.976000000000006,954.0,995.976,200
d5_w60,ORCL,1783345200000,1783518000000,timeout,-0.014692290219844523,-14.63316844399987,995.976,981.3428315560001,780
d5_w60,INTC,1783519200000,1783524000000,loss,-0.046,-45.141770251576006,981.3428315560001,936.2010613044241,80
d5_w60,MU,1783525200000,1783603800000,win,0.044000000000000004,41.192846697394664,936.2010613044241,977.3939080018188,260
d5_w60,MU,1783607400000,1783690200000,loss,-0.046,-44.960119768083665,977.3939080018188,932.4337882337351,330
d5_w60,AMD,1783690500000,1783949400000,timeout,-0.02520326987465659,-23.50038040510322,932.4337882337351,908.9334078286319,385
d5_w60,IBM,1783949700000,1784035800000,loss,-0.046,-41.810936760117066,908.9334078286319,867.1224710685148,385
d5_w60,MRVL,1784038200000,1784124900000,loss,-0.046,-39.887633669151676,867.1224710685148,827.2348373993631,395
d5_w60,ORCL,1784125800000,1784209200000,loss,-0.046,-38.0528025203707,827.2348373993631,789.1820348789923,340
d5_w60,DELL,1784210400000,1784295000000,loss,-0.046,-36.30237360443365,789.1820348789923,752.8796612745587,360
d5_w60,ARM,1784296500000,1784304300000,win,0.044000000000000004,33.126705096080585,752.8796612745587,786.0063663706393,130
d5_w60,DELL,1784305200000,1784554200000,timeout,0.014579618720762971,11.459673133776251,786.0063663706393,797.4660395044156,220
d5_w60,ARM,1784555100000,1784640600000,win,0.044000000000000004,35.088505738194286,797.4660395044156,832.5545452426098,375
d5_w60,AVGO,1784642700000,1784815500000,timeout,0.028058897026072456,23.36056225355097,832.5545452426098,855.9151074961608,780
d5_w60,ARM,1784817000000,1784903700000,loss,-0.046,-39.372094944823395,855.9151074961608,816.5430125513374,395
d5_w60,AMD,1784904300000,1785159000000,timeout,-0.012000044643708291,-9.798552604124108,816.5430125513374,806.7444599472133,315
d5_w60,TXN,1785159600000,1785332400000,timeout,-0.016238368382546657,-13.100213731201507,806.7444599472133,793.6442462160118,780
d5_w60,MRVL,1785333600000,1785335100000,loss,-0.046,-36.50763532593654,793.6442462160118,757.1366108900752,25
d5_w60,AVGO,1785335700000,1785504600000,win,0.044000000000000004,33.31401087916331,757.1366108900752,790.4506217692385,715
d5_w60,AMD,1785505500000,1785763800000,loss,-0.046,-36.36072860138497,790.4506217692385,754.0898931678536,375
d5_w60,DELL,1785766800000,1785779700000,win,0.044000000000000004,33.17995529938556,754.0898931678536,787.2698484672392,215
d5_w60,SNDK,1785781200000,1785850200000,win,0.044000000000000004,34.63987333255853,787.2698484672392,821.9097217997977,100
d5_w60,MU,1785853800000,1785937800000,win,0.044000000000000004,36.1640277591911,821.9097217997977,858.0737495589888,350
d5_w60,AMD,1785951000000,1786123800000,timeout,-0.01548264810569499,-13.285253913156076,858.0737495589888,844.7884956458327,780
d5_w60,AMD,1786124400000,1786368600000,timeout,-0.026437084097588263,-22.333744504063954,844.7884956458327,822.4547511417687,140
d5_w60,MU,1786370100000,1786458000000,loss,-0.046,-37.83291855252136,822.4547511417687,784.6218325892473,415
d5_w60,AMD,1786458300000,1786628100000,win,0.044000000000000004,34.523360633926885,784.6218325892473,819.1451932231743,730
d5_w60,ARM,1786628400000,1786973400000,timeout,-0.009091593122201197,-7.447334804791982,819.1451932231743,811.6978584183822,770
d5_w60,AVGO,1786974000000,1787062200000,loss,-0.046,-37.33810148724558,811.6978584183822,774.3597569311366,420
d5_w60,ARM,1787063400000,1787146200000,win,0.044000000000000004,34.07182930497002,774.3597569311366,808.4315862361067,330
d5_w60,ARM,1787146500000,1787148000000,loss,-0.046,-37.18785296686091,808.4315862361067,771.2437332692458,25
d5_w60,MU,1787148300000,1787255700000,win,0.044000000000000004,33.93472426384682,771.2437332692458,805.1784575330926,740
d5_w60,TXN,1787319000000,1787578200000,timeout,-0.019395467037705665,-15.616812232553787,805.1784575330926,789.5616453005388,390
d5_w60,AVGO,1787579400000,1787752200000,timeout,-0.029595506184432734,-23.36747655648298,789.5616453005388,766.1941687440558,780
d5_w60,SNDK,1787752500000,1787925300000,timeout,-0.0005495911309383265,-0.4210935197183966,766.1941687440558,765.7730752243374,780
d5_w60,SNDK,1787925900000,1788183000000,timeout,0.017853784843612004,13.67194772408643,765.7730752243374,779.4450229484238,355
d5_w60,ARM,1788183300000,1788270000000,loss,-0.046,-35.85447105562749,779.4450229484238,743.5905518927963,395
d5_w60,AMD,1788273000000,1788445800000,timeout,-0.014379287738364494,-10.692302505195773,743.5905518927963,732.8982493876005,780
d5_w60,AMD,1788446100000,1788531000000,win,0.044000000000000004,32.24752297305442,732.8982493876005,765.1457723606549,365
d5_w60,AVGO,1788546600000,1788874200000,timeout,0.02816190906287242,21.547965661062044,765.1457723606549,786.6937380217169,90
d5_w60,ORCL,1788896700000,1789064100000,loss,-0.046,-36.18791194899897,786.6937380217169,750.5058260727179,690
d5_w60,DELL,1789066200000,1789133700000,win,0.044000000000000004,33.022256347199594,750.5058260727179,783.5280824199175,75
d5_w60,MRVL,1789135200000,1789392600000,loss,-0.046,-36.0422917913162,783.5280824199175,747.4857906286013,360
d5_w60,AMD,1789396200000,1789480500000,win,0.044000000000000004,32.88937478765846,747.4857906286013,780.3751654162597,355
d5_w60,ARM,1789482600000,1789651800000,win,0.044000000000000004,34.33650727831543,780.3751654162597,814.7116726945752,720
d5_w60,IBM,1789654800000,1789761300000,timeout,-0.04271071859003794,-34.7969209844771,814.7116726945752,779.9147517100981,725
d5_w120,ORCL,1782919500000,1783007700000,loss,-0.046,-46.0,1000.0,954.0,420
d5_w120,AMD,1783010400000,1783344600000,win,0.044000000000000004,41.976000000000006,954.0,995.976,200
d5_w120,ORCL,1783349700000,1783522500000,timeout,-0.029278801144481663,-29.160983248676267,995.976,966.8150167513237,780
d5_w120,SNDK,1783524000000,1783539900000,win,0.044000000000000004,42.53986073705825,966.8150167513237,1009.3548774883819,265
d5_w120,MRVL,1783611000000,1783690500000,loss,-0.046,-46.43032436446557,1009.3548774883819,962.9245531239163,275
d5_w120,AMD,1783693800000,1783949400000,timeout,-0.028140456642460225,-27.097136637143954,962.9245531239163,935.8274164867723,330
d5_w120,DELL,1783955700000,1784040900000,win,0.044000000000000004,41.176406325417986,935.8274164867723,977.0038228121903,370
d5_w120,QCOM,1784042100000,1784128500000,loss,-0.046,-44.94217584936075,977.0038228121903,932.0616469628295,390
d5_w120,QCOM,1784129100000,1784230500000,loss,-0.046,-42.87483576029015,932.0616469628295,889.1868112025394,640
d5_w120,QCOM,1784230800000,1784554200000,timeout,0.012882735071770407,11.455158118034646,889.1868112025394,900.641969320574,410
d5_w120,DELL,1784554800000,1784577300000,loss,-0.046,-41.4295305887464,900.641969320574,859.2124387318277,375
d5_w120,ORCL,1784640600000,1784813400000,timeout,-0.011460747904092234,-9.84721715636577,859.2124387318277,849.3652215754619,780
d5_w120,IBM,1784817300000,1785159000000,win,0.044000000000000004,37.372069749320325,849.3652215754619,886.7372913247822,715
d5_w120,ARM,1785159300000,1785162900000,loss,-0.046,-40.78991540093998,886.7372913247822,845.9473759238422,60
d5_w120,AVGO,1785163200000,1785336000000,timeout,-0.009092783253442644,-7.692016133094061,845.9473759238422,838.2553597907481,780
d5_w120,QCOM,1785339000000,1785418200000,loss,-0.046,-38.55974655037441,838.2553597907481,799.6956132403737,270
d5_w120,ARM,1785420300000,1785504600000,win,0.044000000000000004,35.18660698257645,799.6956132403737,834.8822202229502,355
d5_w120,SNDK,1785505500000,1785506700000,loss,-0.046,-38.40458213025571,834.8822202229502,796.4776380926945,20
d5_w120,HPE,1785507000000,1785763800000,timeout,-0.01766496360463398,-14.069748488812284,796.4776380926945,782.4078896038823,350
d5_w120,DELL,1785766500000,1785778800000,win,0.044000000000000004,34.42594714257082,782.4078896038823,816.8338367464531,205
d5_w120,MU,1785781500000,1785850200000,win,0.044000000000000004,35.94068881684394,816.8338367464531,852.7745255632971,95
d5_w120,MU,1785858600000,1786023000000,loss,-0.046,-39.22762817591166,852.7745255632971,813.5468973873853,640
d5_w120,AMD,1786025100000,1786368600000,timeout,-0.03594359909071453,-29.241803521186853,813.5468973873853,784.3050938661985,745
d5_w120,SNDK,1786368900000,1786541400000,win,0.044000000000000004,34.509424130112734,784.3050938661985,818.8145179963112,775
d5_w120,ARM,1786547100000,1786628700000,win,0.044000000000000004,36.027838791837695,818.8145179963112,854.8423567881489,310
d5_w120,TXN,1786716600000,1786973400000,timeout,0.0067867238215204625,5.801578986458824,854.8423567881489,860.6439357746077,350
d5_w120,ARM,1786974000000,1787059800000,loss,-0.046,-39.58962104563195,860.6439357746077,821.0543147289758,380
d5_w120,IBM,1787063400000,1787236200000,timeout,0.009692300700753003,7.957905310003929,821.0543147289758,829.0122200389798,780
d5_w120,ORCL,1787238000000,1787578200000,timeout,-0.0038609014457535677,-3.2007344788958716,829.0122200389798,825.8114855600838,690
d5_w120,TXN,1787578500000,1787751300000,timeout,-0.006461040927700607,-5.33560180676894,825.8114855600838,820.4758837533149,780
d5_w120,ARM,1787751600000,1787837400000,win,0.044000000000000004,36.10093888514586,820.4758837533149,856.5768226384607,380
d5_w120,SNDK,1787841900000,1788183000000,timeout,0.012725431232137213,10.900309451528326,856.5768226384607,867.477132089989,705
d5_w120,HPE,1788183900000,1788270600000,loss,-0.046,-39.90394807613949,867.477132089989,827.5731840138495,395
d5_w120,MRVL,1788276300000,1788449100000,timeout,0.00677232062741418,5.604590944791823,827.5731840138495,833.1777749586413,780
d5_w120,AVGO,1788449400000,1788874200000,win,0.044000000000000004,36.65982209818022,833.1777749586413,869.8375970568216,660
d5_w120,ORCL,1788963300000,1789068300000,loss,-0.046,-40.01252946461379,869.8375970568216,829.8250675922078,700
d5_w120,DELL,1789069200000,1789133700000,win,0.044000000000000004,36.51230297405715,829.8250675922078,866.337370566265,25
d5_w120,ORCL,1789134000000,1789136400000,loss,-0.046,-39.85151904604819,866.337370566265,826.4858515202168,40
d5_w120,MU,1789139700000,1789392600000,loss,-0.046,-38.01834916992997,826.4858515202168,788.4675023502868,285
d5_w120,AMD,1789399800000,1789565400000,win,0.044000000000000004,34.69257010341263,788.4675023502868,823.1600724536995,660
d5_w120,SNDK,1789569600000,1789652100000,win,0.044000000000000004,36.21904318796278,823.1600724536995,859.3791156416623,325
d5_w120,TXN,1789654800000,1789761300000,timeout,0.012206877014586453,10.490335173541842,859.3791156416623,869.8694508152042,725
d5_w180,ORCL,1782923100000,1783014300000,loss,-0.046,-46.0,1000.0,954.0,470
d5_w180,QCOM,1783015500000,1783344600000,win,0.044000000000000004,41.976000000000006,954.0,995.976,115
d5_w180,INTC,1783355400000,1783431000000,loss,-0.046,-45.814896,995.976,950.161104,210
d5_w180,ARM,1783441800000,1783451100000,loss,-0.046,-43.707410784,950.161104,906.453693216,155
d5_w180,INTC,1783452900000,1783524000000,loss,-0.046,-41.696869887936,906.453693216,864.756823328064,135
d5_w180,QCOM,1783524300000,1783603800000,win,0.044000000000000004,38.049300226434816,864.756823328064,902.8061235544989,275
d5_w180,MRVL,1783614600000,1783690500000,loss,-0.046,-41.529081683506945,902.8061235544989,861.277041870992,215
d5_w180,AMD,1783697700000,1783949400000,timeout,-0.03231861641658073,-27.835282344635928,861.277041870992,833.441759526356,265
d5_w180,HPE,1783958700000,1784131500000,timeout,-0.044299936207349504,-36.9214167795587,833.441759526356,796.5203427467973,780
d5_w180,IBM,1784132100000,1784208600000,loss,-0.046,-36.63993576635267,796.5203427467973,759.8804069804446,225
d5_w180,INTC,1784210700000,1784220300000,loss,-0.046,-34.95449872110045,759.8804069804446,724.9259082593442,160
d5_w180,ARM,1784222400000,1784295300000,loss,-0.046,-33.34659177992983,724.9259082593442,691.5793164794144,165
d5_w180,ARM,1784296500000,1784304300000,win,0.044000000000000004,30.429489925094234,691.5793164794144,722.0088064045086,130
d5_w180,AVGO,1784304600000,1784554200000,timeout,0.01218809036250446,8.79990857498214,722.0088064045086,730.8087149794908,230
d5_w180,SNDK,1784559000000,1784640600000,win,0.044000000000000004,32.1555834590976,730.8087149794908,762.9642984385883,310
d5_w180,AVGO,1784646000000,1784818800000,timeout,0.011732776413597717,8.951689525137398,762.9642984385883,771.9159879637258,780
d5_w180,ARM,1784824200000,1784903400000,loss,-0.046,-35.50813544633139,771.9159879637258,736.4078525173944,270
d5_w180,QCOM,1784904300000,1785159000000,timeout,0.005099750971328426,3.7554966611694622,736.4078525173944,740.1633491785639,315
d5_w180,ARM,1785159300000,1785162900000,loss,-0.046,-34.047514062213935,740.1633491785639,706.1158351163499,60
d5_w180,AVGO,1785166800000,1785339600000,timeout,-0.023033332395785748,-16.264200740162728,706.1158351163499,689.8516343761871,780
d5_w180,ORCL,1785342900000,1785418800000,win,0.044000000000000004,30.353471912552237,689.8516343761871,720.2051062887393,215
d5_w180,ARM,1785424200000,1785504600000,win,0.044000000000000004,31.689024676704534,720.2051062887393,751.8941309654439,290
d5_w180,SNDK,1785505500000,1785506700000,loss,-0.046,-34.58713002441042,751.8941309654439,717.3070009410335,20
d5_w180,ARM,1785513900000,1785763800000,loss,-0.046,-32.99612204328754,717.3070009410335,684.310878897746,235
d5_w180,AMD,1785770100000,1785850200000,win,0.044000000000000004,30.109678671500827,684.310878897746,714.4205575692467,285
d5_w180,MU,1785864300000,1786023000000,loss,-0.046,-32.86334564818535,714.4205575692467,681.5572119210614,545
d5_w180,AMD,1786032300000,1786368600000,timeout,-0.04415066216302021,-30.09120220829675,681.5572119210614,651.4660097127646,625
d5_w180,AMD,1786378500000,1786551300000,timeout,0.01381102920259925,8.997416084643799,651.4660097127646,660.4634257974084,780
d5_w180,ARM,1786563300000,1786629600000,win,0.044000000000000004,29.06039073508597,660.4634257974084,689.5238165324944,55
d5_w180,TXN,1786720200000,1786973400000,timeout,0.016190866997973348,11.163988405412592,689.5238165324944,700.687804937907,290
d5_w180,ARM,1786977600000,1787059800000,loss,-0.046,-32.23163902714372,700.687804937907,668.4561659107633,320
d5_w180,IBM,1787063100000,1787235900000,timeout,0.009570887669095645,6.3977188756462775,668.4561659107633,674.8538847864096,780
d5_w180,ORCL,1787238300000,1787578200000,timeout,0.00016153815820252847,0.10901465360421796,674.8538847864096,674.9628994400138,685
d5_w180,AVGO,1787585700000,1787758500000,timeout,-0.03384523849888187,-22.844280309444088,674.9628994400138,652.1186191305696,780
d5_w180,ARM,1787759700000,1787772600000,win,0.044000000000000004,28.693219241745066,652.1186191305696,680.8118383723147,215
d5_w180,MRVL,1787773200000,1787923800000,loss,-0.046,-31.317344565126476,680.8118383723147,649.4944938071882,410
d5_w180,MU,1787925000000,1788183000000,timeout,0.006089793909383584,3.955287612565188,649.4944938071882,653.4497814197533,370
d5_w180,HPE,1788183600000,1788271800000,loss,-0.046,-30.058689945308654,653.4497814197533,623.3910914744447,420
d5_w180,MRVL,1788279300000,1788452100000,timeout,0.005554061609956978,3.462352529147392,623.3910914744447,626.8534440035921,780
d5_w180,SNDK,1788453000000,1788528600000,win,0.044000000000000004,27.581551536158056,626.8534440035921,654.4349955397502,210
d5_w180,AVGO,1788529200000,1788874200000,timeout,0.021629771512405423,14.155279423246858,654.4349955397502,668.590274962997,380
d5_w180,ORCL,1788966900000,1789065000000,loss,-0.046,-30.755152648297862,668.590274962997,637.8351223146991,585
d5_w180,INTC,1789066800000,1789392600000,loss,-0.046,-29.340415626476158,637.8351223146991,608.494706688223,450
d5_w180,ARM,1789403400000,1789576200000,timeout,0.018679116827607485,11.366143715210066,608.494706688223,619.8608504034331,780
d5_w180,MRVL,1789576500000,1789651800000,win,0.044000000000000004,27.27387741775106,619.8608504034331,647.1347278211841,205
d5_w180,IBM,1789654200000,1789740000000,loss,-0.046,-29.768197479774468,647.1347278211841,617.3665303414097,380
d5_w180,IBM,1789749900000,1789761300000,timeout,-0.00860638945560654,-5.3132967969747025,617.3665303414097,612.053233544435,190
d5_w240,QCOM,1782926700000,1783003200000,loss,-0.046,-46.0,1000.0,954.0,225
d5_w240,TXN,1783004400000,1783344600000,timeout,0.007712038352499123,7.3572845882841635,954.0,961.3572845882842,300
d5_w240,MU,1783358700000,1783431000000,loss,-0.046,-44.22243509106107,961.3572845882842,917.1348494972231,155
d5_w240,DELL,1783436700000,1783517400000,win,0.044000000000000004,40.353933377877816,917.1348494972231,957.4887828751009,295
d5_w240,ARM,1783523100000,1783525800000,loss,-0.046,-44.04448401225464,957.4887828751009,913.4442988628463,45
d5_w240,AMD,1783527900000,1783603800000,win,0.044000000000000004,40.19154914996524,913.4442988628463,953.6358480128115,215
d5_w240,MRVL,1783618200000,1783690200000,loss,-0.046,-43.867249008589326,953.6358480128115,909.7685990042222,150
d5_w240,IBM,1783696200000,1783949400000,timeout,-0.0037732308664766238,-3.4327669591139256,909.7685990042222,906.3358320451083,290
d5_w240,IBM,1783961400000,1784035800000,loss,-0.046,-41.69144827407498,906.3358320451083,864.6443837710333,190
d5_w240,TXN,1784037900000,1784208900000,loss,-0.046,-39.77364165346753,864.6443837710333,824.8707421175658,750
d5_w240,AVGO,1784210400000,1784295000000,loss,-0.046,-37.944054137408024,824.8707421175658,786.9266879801578,360
d5_w240,SNDK,1784297100000,1784317200000,loss,-0.046,-36.19862764708726,786.9266879801578,750.7280603330705,335
d5_w240,ARM,1784317800000,1784554200000,timeout,0.019617963812324397,14.727755920510663,750.7280603330705,765.4558162535811,10
d5_w240,AVGO,1784555700000,1784728500000,timeout,0.017213588822741606,13.176241682965196,765.4558162535811,778.6320579365463,780
d5_w240,IBM,1784816100000,1785159000000,win,0.044000000000000004,34.25981054920804,778.6320579365463,812.8918684857543,735
d5_w240,ORCL,1785160800000,1785245400000,loss,-0.046,-37.3930259503447,812.8918684857543,775.4988425354096,360
d5_w240,TXN,1785248700000,1785421500000,timeout,0.00919005287398234,7.126875366612519,775.4988425354096,782.6257179020221,780
d5_w240,ARM,1785425700000,1785504600000,win,0.044000000000000004,34.43553158768898,782.6257179020221,817.061249489711,265
d5_w240,DELL,1785511200000,1785763800000,timeout,-0.03293798779236356,-26.91235346130542,817.061249489711,790.1488960284056,280
d5_w240,QCOM,1785769800000,1785850200000,win,0.044000000000000004,34.76655142524985,790.1488960284056,824.9154474536555,290
d5_w240,MU,1785867900000,1786023000000,loss,-0.046,-37.94611058286815,824.9154474536555,786.9693368707873,485
d5_w240,AMD,1786024800000,1786368600000,timeout,-0.025764309503710885,-20.275721565069077,786.9693368707873,766.6936153057183,750
d5_w240,MU,1786374000000,1786541400000,win,0.044000000000000004,33.73451907345161,766.6936153057183,800.4281343791698,690
d5_w240,ARM,1786553100000,1786628700000,win,0.044000000000000004,35.218837912683476,800.4281343791698,835.6469722918533,210
d5_w240,TXN,1786723800000,1786973400000,timeout,0.0127243039849454,10.633026099540787,835.6469722918533,846.2799983913941,230
d5_w240,HPE,1786977900000,1787059800000,loss,-0.046,-38.92887992600413,846.2799983913941,807.35111846539,315
d5_w240,ARM,1787074200000,1787146200000,win,0.044000000000000004,35.52344921247716,807.35111846539,842.8745676778672,150
d5_w240,ORCL,1787151900000,1787324700000,timeout,0.032266442340592956,27.196563638330115,842.8745676778672,870.0711313161972,780
d5_w240,SNDK,1787327400000,1787578200000,loss,-0.046,-40.02327204054507,870.0711313161972,830.0478592756522,250
d5_w240,AVGO,1787581500000,1787754300000,timeout,-0.0336833149893646,-27.958763500229576,830.0478592756522,802.0890957754226,780
d5_w240,SNDK,1787755200000,1787837400000,win,0.044000000000000004,35.2919202141186,802.0890957754226,837.3810159895412,320
d5_w240,SNDK,1787848800000,1788183000000,timeout,0.0200813678139602,16.815756182513663,837.3810159895412,854.1967721720548,590
d5_w240,HPE,1788190800000,1788283200000,loss,-0.046,-39.29305151991452,854.1967721720548,814.9037206521402,490
d5_w240,AMD,1788283800000,1788456600000,timeout,-0.004280565956901178,-3.488249124775659,814.9037206521402,811.4154715273646,780
d5_w240,AVGO,1788456900000,1788874200000,timeout,0.033485745177946453,27.1708517130086,811.4154715273646,838.5863232403732,535
d5_w240,ORCL,1788970500000,1789067100000,loss,-0.046,-38.57497086905717,838.5863232403732,800.011352371316,560
d5_w240,INTC,1789133400000,1789392600000,loss,-0.046,-36.80052220908053,800.011352371316,763.2108301622354,390
d5_w240,ARM,1789407000000,1789579800000,timeout,0.010217870969467363,7.7983897850977915,763.2108301622354,771.0092199473332,780
d5_w240,ORCL,1789580100000,1789654800000,win,0.044000000000000004,33.924405677682664,771.0092199473332,804.9336256250159,195
d5_w240,IBM,1789657800000,1789761300000,timeout,-0.042791497224138324,-34.444315006548464,804.9336256250159,770.4893106184675,675
d5_w300,QCOM,1782930300000,1783002600000,loss,-0.046,-46.0,1000.0,954.0,155
d5_w300,ORCL,1783016700000,1783344600000,timeout,0.012654728126465958,12.072610632648525,954.0,966.0726106326485,95
d5_w300,MU,1783344900000,1783431000000,loss,-0.046,-44.43934008910183,966.0726106326485,921.6332705435467,385
d5_w300,INTC,1783449000000,1783521900000,loss,-0.046,-42.39513044500315,921.6332705435467,879.2381400985436,165
d5_w300,MRVL,1783530300000,1783603800000,win,0.044000000000000004,38.686478164335924,879.2381400985436,917.9246182628794,175
d5_w300,MRVL,1783621800000,1783690500000,loss,-0.046,-42.22453244009245,917.9246182628794,875.700085822787,95
d5_w300,INTC,1783707600000,1783949400000,loss,-0.046,-40.282203947848195,875.700085822787,835.4178818749388,100
d5_w300,IBM,1783964700000,1784035800000,loss,-0.046,-38.429222566247184,835.4178818749388,796.9886593086916,135
d5_w300,QCOM,1784052900000,1784208600000,loss,-0.046,-36.66147832819981,796.9886593086916,760.3271809804918,495
d5_w300,ARM,1784226600000,1784295300000,loss,-0.046,-34.97505032510262,760.3271809804918,725.3521306553891,95
d5_w300,IBM,1784295600000,1784554200000,timeout,-0.021987131150372423,-15.948412426922115,725.3521306553891,709.403718228467,380
d5_w300,SNDK,1784554500000,1784640600000,win,0.044000000000000004,31.213763602052552,709.403718228467,740.6174818305196,385
d5_w300,TXN,1784643300000,1784813400000,loss,-0.046,-34.068404164203905,740.6174818305196,706.5490776663157,735
d5_w300,IBM,1784818500000,1784915700000,win,0.044000000000000004,31.088159417317893,706.5490776663157,737.6372370836336,570
d5_w300,QCOM,1784918700000,1785159000000,timeout,0.009432543311121094,6.957795186687073,737.6372370836336,744.5950322703208,75
d5_w300,ARM,1785159300000,1785162900000,loss,-0.046,-34.251371484434756,744.5950322703208,710.343660785886,60
d5_w300,TXN,1785169500000,1785342300000,timeout,-0.033985490930624855,-24.141378041265586,710.343660785886,686.2022827446203,780
d5_w300,AVGO,1785342900000,1785504600000,win,0.044000000000000004,30.192900440763296,686.2022827446203,716.3951831853836,595
d5_w300,HPE,1785511800000,1785763800000,timeout,-0.018188675617141985,-13.030279600641952,716.3951831853836,703.3649035847417,270
d5_w300,QCOM,1785774600000,1785850200000,win,0.044000000000000004,30.948055757728635,703.3649035847417,734.3129593424703,210
d5_w300,MU,1785868800000,1786023000000,loss,-0.046,-33.77839612975363,734.3129593424703,700.5345632127166,470
d5_w300,AMD,1786028400000,1786368600000,timeout,-0.04444492255118825,-31.135204406419682,700.5345632127166,669.399358806297,690
d5_w300,MU,1786381200000,1786542300000,win,0.044000000000000004,29.45357178747707,669.399358806297,698.852930593774,585
d5_w300,ARM,1786549200000,1786628700000,win,0.044000000000000004,30.74952894612606,698.852930593774,729.6024595399,275
d5_w300,TXN,1786727400000,1786973400000,timeout,0.014270216626720572,10.411585149022503,729.6024595399,740.0140446889225,170
d5_w300,ORCL,1786985100000,1787146500000,loss,-0.046,-34.04064605569043,740.0140446889225,705.973398633232,590
d5_w300,ARM,1787159100000,1787331900000,timeout,-0.03282983505737857,-23.176990232025975,705.973398633232,682.796408401206,780
d5_w300,MU,1787332200000,1787578200000,loss,-0.046,-31.408634786455476,682.796408401206,651.3877736147506,170
d5_w300,AVGO,1787581800000,1787754600000,timeout,-0.036479826022191124,-23.762512654448518,651.3877736147506,627.6252609603021,780
d5_w300,MRVL,1787757600000,1787837400000,win,0.044000000000000004,27.615511482253293,627.6252609603021,655.2407724425553,280
d5_w300,MU,1787841300000,1788183000000,timeout,0.010530940628675994,6.900301672080348,655.2407724425553,662.1410741146357,715
d5_w300,ARM,1788184200000,1788269400000,loss,-0.046,-30.45848940927324,662.1410741146357,631.6825847053624,370
d5_w300,MRVL,1788282600000,1788455400000,timeout,0.005757351429279472,3.6368186319043696,631.6825847053624,635.3194033372667,780
d5_w300,SNDK,1788462900000,1788528600000,win,0.044000000000000004,27.95405374683974,635.3194033372667,663.2734570841064,45
d5_w300,AVGO,1788530700000,1788874200000,timeout,0.030612853683708703,20.304693294003393,663.2734570841064,683.5781503781099,355
d5_w300,ORCL,1788974100000,1789048200000,loss,-0.046,-31.444594917393054,683.5781503781099,652.1335554607168,185
d5_w300,DELL,1789065000000,1789133700000,win,0.044000000000000004,28.69387644027154,652.1335554607168,680.8274319009884,95
d5_w300,INTC,1789143900000,1789392600000,loss,-0.046,-31.318061867445465,680.8274319009884,649.5093700335428,215
d5_w300,ARM,1789410600000,1789583400000,timeout,0.00686065555932514,4.456060070354395,649.5093700335428,653.9654301038972,780
d5_w300,HPE,1789583700000,1789652700000,win,0.044000000000000004,28.774478924571483,653.9654301038972,682.7399090284687,100
d5_w300,IBM,1789661400000,1789761300000,timeout,-0.0429935078146415,-29.353383614183095,682.7399090284687,653.3865254142855,615
