symbol,combo,dip_pct,dip_minutes,stable_range_pct,stable_minutes,take_profit_pct,stop_loss_pct,timeout_minutes,candidates,trades,wins,losses,timeouts,both_hit,win_rate_pct,resolved_win_rate_pct,breakeven_win_rate_pct,edge_vs_be_pp,net_usd,fees_usd,avg_hold_minutes,avg_win_usd,avg_loss_usd,worst_trade_usd,best_trade_usd
INTC,dip4_1d,4.0,390,1.2,30,5.0,3.0,780,206,36,9,24,3,0,25.0,27.272727272727273,44.99999999999999,-17.72727272727272,-426.67646778449523,216.0,340.97222222222223,36.443627684625405,-36.0,-36.0,44.00000000000001
INTC,dip5_1d,5.0,390,1.5,30,6.0,3.0,780,172,34,8,23,3,0,23.529411764705884,25.806451612903224,40.0,-14.193548387096776,-357.8051906065464,204.00000000000003,358.97058823529414,42.744982672132146,-36.0,-36.0,54.0
INTC,dip5_2d,5.0,780,1.5,45,6.0,3.5,1170,186,31,11,20,0,0,35.483870967741936,35.483870967741936,43.15789473684211,-7.674023769100174,-226.0,186.0,434.83870967741933,54.0,-41.0,-41.0,54.0
INTC,dip6_1d,6.0,390,1.5,30,6.0,3.0,780,120,27,6,19,2,0,22.22222222222222,24.0,40.0,-16.0,-350.07249906828804,162.0,325.9259259259259,41.740937616463995,-36.0,-36.0,54.0
INTC,dip6_2d,6.0,780,2.0,60,7.0,3.5,1170,125,28,9,19,0,0,32.142857142857146,32.142857142857146,39.04761904761905,-6.904761904761905,-203.0,168.0,447.5,64.0,-41.0,-41.0,64.0
INTC,dip7_2d,7.0,780,2.0,45,7.0,4.0,1170,132,25,9,15,1,0,36.0,37.5,41.81818181818181,-4.318181818181813,-53.22477984057616,150.0,503.6,63.67752201594239,-46.0,-46.0,64.0
INTC,dip8_2d,8.0,780,2.0,60,8.0,4.0,1170,84,20,7,12,1,0,35.0,36.8421052631579,38.33333333333333,-1.4912280701754312,18.40854852223498,120.0,522.25,71.30106856527937,-46.0,-46.0,74.0
INTC,dip8_3d,8.0,1170,2.5,90,8.0,4.0,1560,84,22,7,15,0,0,31.818181818181817,31.818181818181817,38.33333333333333,-6.515151515151512,-172.0,132.0,488.8636363636364,74.0,-46.0,-46.0,74.0
INTC,dip4_2d,4.0,780,1.2,45,5.0,3.0,1170,215,39,13,25,1,0,33.333333333333336,34.21052631578947,44.99999999999999,-10.78947368421052,-315.86244334002515,234.0,346.79487179487177,41.72411118999821,-36.0,-36.0,44.00000000000001
INTC,dip10_3d,10.0,1170,2.5,60,10.0,5.0,1950,96,16,4,11,1,0,25.0,26.666666666666668,37.333333333333336,-10.666666666666668,-204.08735669710552,96.0,690.625,82.3825286605789,-56.0,-56.0,94.0
MU,dip4_1d,4.0,390,1.2,30,5.0,3.0,780,203,34,9,21,4,0,26.470588235294116,30.0,44.99999999999999,-14.999999999999993,-308.81653143522624,204.00000000000003,364.11764705882354,37.97803313881666,-34.752405868228465,-36.0,44.00000000000001
MU,dip5_1d,5.0,390,1.5,30,6.0,3.0,780,183,32,6,22,4,0,18.75,21.428571428571427,40.0,-18.571428571428573,-412.2723091856,192.0,340.46875,43.14229110171401,-34.806649091348966,-36.0,54.0
MU,dip5_2d,5.0,780,1.5,45,6.0,3.5,1170,182,30,13,17,0,0,43.333333333333336,43.333333333333336,43.15789473684211,0.17543859649122595,5.0,180.0,426.5,54.0,-41.0,-41.0,54.0
MU,dip6_1d,6.0,390,1.5,30,6.0,3.0,780,151,29,5,20,4,0,17.24137931034483,20.0,40.0,-20.0,-389.48290229400135,174.00000000000003,352.0689655172414,41.63699532781002,-34.40851737697531,-36.0,54.0
MU,dip6_2d,6.0,780,2.0,60,7.0,3.5,1170,125,28,8,19,1,0,28.571428571428573,29.62962962962963,39.04761904761905,-9.417989417989421,-242.638441922962,168.0,496.42857142857144,59.59572867522645,-41.0,-41.0,64.0
MU,dip7_2d,7.0,780,2.0,45,7.0,4.0,1170,137,23,8,15,0,0,34.78260869565217,34.78260869565217,41.81818181818181,-7.035573122529641,-178.0,138.0,472.60869565217394,64.0,-46.0,-46.0,64.0
MU,dip8_2d,8.0,780,2.0,60,8.0,4.0,1170,91,20,5,11,4,0,25.0,31.25,38.33333333333333,-7.083333333333329,25.780575218268403,120.0,529.75,59.0867305798076,-46.0,-46.0,74.0
MU,dip8_3d,8.0,1170,2.5,90,8.0,4.0,1560,74,20,6,13,1,0,30.0,31.57894736842105,38.33333333333333,-6.754385964912277,-114.67440008869997,120.0,567.5,69.04651427304286,-46.0,-46.0,74.0
MU,dip4_2d,4.0,780,1.2,45,5.0,3.0,1170,206,37,16,21,0,0,43.24324324324324,43.24324324324324,44.99999999999999,-1.7567567567567508,-51.99999999999999,222.0,378.5135135135135,44.00000000000001,-36.0,-36.0,44.00000000000001
MU,dip10_3d,10.0,1170,2.5,60,10.0,5.0,1950,90,17,6,10,1,0,35.294117647058826,37.5,37.333333333333336,0.1666666666666643,45.388553289264614,102.00000000000001,658.5294117647059,86.48407904132351,-56.0,-56.0,94.0
MRVL,dip4_1d,4.0,390,1.2,30,5.0,3.0,780,240,50,17,31,2,0,34.0,35.416666666666664,44.99999999999999,-9.583333333333329,-325.1792828258709,300.0,246.2,41.622143009164695,-36.0,-36.0,44.00000000000001
MRVL,dip5_1d,5.0,390,1.5,30,6.0,3.0,780,197,44,13,28,3,0,29.545454545454547,31.70731707317073,40.0,-8.292682926829269,-290.1899377888295,264.0,278.8636363636364,49.654714478275274,-35.69002258492961,-36.0,54.0
MRVL,dip5_2d,5.0,780,1.5,45,6.0,3.5,1170,190,35,14,21,0,0,40.0,40.0,43.15789473684211,-3.1578947368421098,-105.0,210.0,343.85714285714283,54.0,-41.0,-41.0,54.0
MRVL,dip6_1d,6.0,390,1.5,30,6.0,3.0,780,171,40,13,24,3,0,32.5,35.13513513513514,40.0,-4.864864864864863,-146.18993778882952,240.0,261.5,49.654714478275274,-35.64042619851834,-36.0,54.0
MRVL,dip6_2d,6.0,780,2.0,60,7.0,3.5,1170,131,30,11,18,1,0,36.666666666666664,37.93103448275862,39.04761904761905,-1.1165845648604318,14.748956814336445,180.0,368.5,62.729079734528035,-41.0,-41.0,64.0
MRVL,dip7_2d,7.0,780,2.0,45,7.0,4.0,1170,160,28,11,17,0,0,39.285714285714285,39.285714285714285,41.81818181818181,-2.5324675324675283,-78.0,168.0,372.14285714285717,64.0,-46.0,-46.0,64.0
MRVL,dip8_2d,8.0,780,2.0,60,8.0,4.0,1170,105,21,8,12,1,0,38.095238095238095,40.0,38.33333333333333,1.6666666666666714,88.74895681433645,126.0,474.04761904761904,71.19432853492627,-46.0,-46.0,74.0
MRVL,dip8_3d,8.0,1170,2.5,90,8.0,4.0,1560,84,22,10,12,0,0,45.45454545454545,45.45454545454545,38.33333333333333,7.121212121212125,188.0,132.0,422.72727272727275,74.0,-46.0,-46.0,74.0
MRVL,dip4_2d,4.0,780,1.2,45,5.0,3.0,1170,220,50,20,29,1,0,40.0,40.816326530612244,44.99999999999999,-4.183673469387749,-139.08787174369337,300.0,251.9,43.09105372649079,-36.0,-36.0,44.00000000000001
MRVL,dip10_3d,10.0,1170,2.5,60,10.0,5.0,1950,103,17,8,9,0,0,47.05882352941177,47.05882352941177,37.333333333333336,9.725490196078432,248.0,102.00000000000001,671.4705882352941,94.0,-56.0,-56.0,94.0
AMD,dip4_1d,4.0,390,1.2,30,5.0,3.0,780,159,27,9,16,2,0,33.333333333333336,36.0,44.99999999999999,-8.999999999999993,-170.33851482234888,162.0,396.85185185185185,40.895776120208225,-34.076251530848886,-36.0,44.00000000000001
AMD,dip5_1d,5.0,390,1.5,30,6.0,3.0,780,127,19,7,12,0,0,36.8421052631579,36.8421052631579,40.0,-3.1578947368421026,-54.0,114.0,339.7368421052632,54.0,-36.0,-36.0,54.0
AMD,dip5_2d,5.0,780,1.5,45,6.0,3.5,1170,129,20,8,9,3,0,40.0,47.05882352941177,43.15789473684211,3.9009287925696583,47.726810912454646,120.0,519.75,50.798291852628296,-37.22343779647272,-41.0,54.0
AMD,dip6_1d,6.0,390,1.5,30,6.0,3.0,780,103,18,6,12,0,0,33.333333333333336,33.333333333333336,40.0,-6.666666666666664,-108.0,108.0,332.5,54.0,-36.0,-36.0,54.0
AMD,dip6_2d,6.0,780,2.0,60,7.0,3.5,1170,88,16,6,9,1,0,37.5,40.0,39.04761904761905,0.952380952380949,-7.571049159702312,96.0,425.0,64.0,-39.15710491597023,-41.0,64.0
AMD,dip7_2d,7.0,780,2.0,45,7.0,4.0,1170,102,15,6,8,1,0,40.0,42.857142857142854,41.81818181818181,1.038961038961041,-1.3281033736122367,90.0,469.6666666666667,64.0,-42.81423370817914,-46.0,64.0
AMD,dip8_2d,8.0,780,2.0,60,8.0,4.0,1170,63,11,5,4,2,0,45.45454545454545,55.55555555555556,38.33333333333333,17.22222222222223,143.04602617636783,66.0,549.0909090909091,74.0,-37.82566230393869,-46.0,74.0
AMD,dip8_3d,8.0,1170,2.5,90,8.0,4.0,1560,60,13,6,6,1,0,46.15384615384615,50.0,38.33333333333333,11.666666666666671,203.34638946599313,78.0,622.3076923076923,68.47805563799902,-46.0,-46.0,74.0
AMD,dip4_2d,4.0,780,1.2,45,5.0,3.0,1170,167,26,9,16,1,0,34.61538461538461,36.0,44.99999999999999,-8.999999999999993,-197.88676660149764,156.0,438.2692307692308,44.00000000000001,-34.93451568244104,-36.0,44.00000000000001
AMD,dip10_3d,10.0,1170,2.5,60,10.0,5.0,1950,63,10,3,5,2,0,30.0,37.5,37.333333333333336,0.1666666666666643,51.027053135896956,60.0,775.0,66.20541062717939,-56.0,-56.0,94.0
SNDK,dip4_1d,4.0,390,1.2,30,5.0,3.0,780,241,57,19,34,4,0,33.333333333333336,35.84905660377358,44.99999999999999,-9.15094339622641,-344.0776607873014,342.0,202.89473684210526,42.656581229729994,-34.440718516989755,-36.0,44.00000000000001
SNDK,dip5_1d,5.0,390,1.5,30,6.0,3.0,780,227,50,15,31,4,0,30.0,32.608695652173914,40.0,-7.391304347826086,-313.5667155140521,300.0,235.2,51.506268454783104,-33.460794435017114,-36.0,54.0
SNDK,dip5_2d,5.0,780,1.5,45,6.0,3.5,1170,210,49,16,32,1,0,32.6530612244898,33.333333333333336,43.15789473684211,-9.824561403508774,-427.69270891582227,294.0,271.1224489795918,52.0180759461281,-41.0,-41.0,54.0
SNDK,dip6_1d,6.0,390,1.5,30,6.0,3.0,780,189,45,13,30,2,0,28.88888888888889,30.232558139534884,40.0,-9.767441860465116,-353.14553911657777,270.0,227.33333333333334,52.292918884610266,-35.00794850003618,-36.0,54.0
SNDK,dip6_2d,6.0,780,2.0,60,7.0,3.5,1170,149,39,12,26,1,0,30.76923076923077,31.57894736842105,39.04761904761905,-7.468671679198,-267.28121413495495,234.0,296.15384615384613,61.43990660500347,-41.0,-41.0,64.0
SNDK,dip7_2d,7.0,780,2.0,45,7.0,4.0,1170,182,40,13,26,1,0,32.5,33.333333333333336,41.81818181818181,-8.484848484848477,-343.69270891582227,240.0,267.375,60.8790922202984,-46.0,-46.0,64.0
SNDK,dip8_2d,8.0,780,2.0,60,8.0,4.0,1170,125,35,9,24,2,0,25.714285714285715,27.272727272727273,38.33333333333333,-11.060606060606055,-382.20155246575786,210.0,325.57142857142856,65.6180406849311,-46.0,-46.0,74.0
SNDK,dip8_3d,8.0,1170,2.5,90,8.0,4.0,1560,103,31,9,21,1,0,29.032258064516128,30.0,38.33333333333333,-8.333333333333329,-282.14291603783806,186.0,358.2258064516129,68.38570839621619,-46.0,-46.0,74.0
SNDK,dip4_2d,4.0,780,1.2,45,5.0,3.0,1170,224,55,20,35,0,0,36.36363636363637,36.36363636363637,44.99999999999999,-8.636363636363626,-380.0,330.0,238.36363636363637,44.00000000000001,-36.0,-36.0,44.00000000000001
SNDK,dip10_3d,10.0,1170,2.5,60,10.0,5.0,1950,135,26,8,17,1,0,30.76923076923077,32.0,37.333333333333336,-5.333333333333336,-155.2947528451179,156.0,476.9230769230769,88.52280523943135,-56.0,-56.0,94.0
HPE,dip4_1d,4.0,390,1.2,30,5.0,3.0,780,178,25,10,12,3,0,40.0,45.45454545454545,44.99999999999999,0.45454545454546036,53.6181504474243,150.0,450.6,37.35524234210956,-36.0,-36.0,44.00000000000001
HPE,dip5_1d,5.0,390,1.5,30,6.0,3.0,780,112,21,7,8,6,0,33.333333333333336,46.666666666666664,40.0,6.666666666666664,252.30457893184254,126.0,520.7142857142857,41.56189068706481,-36.0,-36.0,54.0
HPE,dip5_2d,5.0,780,1.5,45,6.0,3.5,1170,140,22,12,8,2,0,54.54545454545455,60.0,43.15789473684211,16.84210526315789,281.8546570139571,132.0,616.3636363636364,54.0,-36.61453429860429,-41.0,54.0
HPE,dip6_1d,6.0,390,1.5,30,6.0,3.0,780,69,16,5,6,5,0,31.25,45.45454545454545,40.0,5.454545454545453,192.30479989594795,96.0,478.75,40.83047998959479,-36.0,-36.0,54.0
HPE,dip6_2d,6.0,780,2.0,60,7.0,3.5,1170,82,17,7,8,2,0,41.1764705882353,46.666666666666664,39.04761904761905,7.619047619047613,96.74962827613774,102.00000000000001,648.5294117647059,64.0,-35.12503717238623,-41.0,64.0
HPE,dip7_2d,7.0,780,2.0,45,7.0,4.0,1170,80,13,6,5,2,0,46.15384615384615,54.54545454545455,41.81818181818181,12.727272727272734,115.85465701395702,78.0,776.9230769230769,64.0,-38.30647756943471,-46.0,64.0
HPE,dip8_2d,8.0,780,2.0,60,8.0,4.0,1170,48,10,4,4,2,0,40.0,50.0,38.33333333333333,11.666666666666671,88.74962827613777,60.0,875.5,74.0,-34.54172862064371,-46.0,74.0
HPE,dip8_3d,8.0,1170,2.5,90,8.0,4.0,1560,54,12,5,6,1,0,41.666666666666664,45.45454545454545,38.33333333333333,7.121212121212125,103.62944804084898,72.00000000000001,767.0833333333334,63.271574673474824,-46.0,-46.0,74.0
HPE,dip4_2d,4.0,780,1.2,45,5.0,3.0,1170,179,27,13,13,1,0,48.148148148148145,50.0,44.99999999999999,5.000000000000007,89.64537922773863,162.0,523.7037037037037,44.00000000000001,-34.45390148373296,-36.0,44.00000000000001
HPE,dip10_3d,10.0,1170,2.5,60,10.0,5.0,1950,36,8,3,2,3,0,37.5,60.0,37.333333333333336,22.666666666666664,293.1320594464309,48.0,1061.875,67.5220099077385,-56.0,-56.0,94.0
DELL,dip4_1d,4.0,390,1.2,30,5.0,3.0,780,215,41,16,22,3,0,39.02439024390244,42.10526315789474,44.99999999999999,-2.894736842105253,-82.68991609738407,246.0,266.9512195121951,42.73179517395955,-33.713768085612344,-36.0,44.00000000000001
DELL,dip5_1d,5.0,390,1.5,30,6.0,3.0,780,165,31,15,15,1,0,48.38709677419355,50.0,40.0,10.0,269.7604112449254,186.0,302.9032258064516,54.0,-33.76497429719216,-36.0,54.0
DELL,dip5_2d,5.0,780,1.5,45,6.0,3.5,1170,139,27,13,13,1,0,48.148148148148145,50.0,43.15789473684211,6.84210526315789,161.51599567012693,162.0,348.51851851851853,54.0,-38.606000309276645,-41.0,54.0
DELL,dip6_1d,6.0,390,1.5,30,6.0,3.0,780,116,24,12,11,1,0,50.0,52.17391304347826,40.0,12.173913043478258,251.76041124492542,144.00000000000003,289.375,54.0,-33.01996572958955,-36.0,54.0
DELL,dip6_2d,6.0,780,2.0,60,7.0,3.5,1170,96,22,13,8,1,0,59.09090909090909,61.904761904761905,39.04761904761905,22.857142857142854,493.8601453561359,132.0,434.09090909090907,64.0,-37.57109496042935,-41.0,64.0
DELL,dip7_2d,7.0,780,2.0,45,7.0,4.0,1170,108,20,11,8,1,0,55.0,57.89473684210526,41.81818181818181,16.076555023923447,328.5159956701269,120.0,453.5,64.0,-41.72044492554145,-46.0,64.0
DELL,dip8_2d,8.0,780,2.0,60,8.0,4.0,1170,66,14,7,6,1,0,50.0,53.84615384615385,38.33333333333333,15.512820512820518,231.8601453561359,84.0,521.7857142857143,74.0,-40.87712209198059,-46.0,74.0
DELL,dip8_3d,8.0,1170,2.5,90,8.0,4.0,1560,62,17,9,7,1,0,52.94117647058823,56.25,38.33333333333333,17.91666666666667,367.42810243091776,102.00000000000001,536.4705882352941,68.94281024309177,-46.0,-46.0,74.0
DELL,dip4_2d,4.0,780,1.2,45,5.0,3.0,1170,179,42,20,21,1,0,47.61904761904762,48.78048780487805,44.99999999999999,3.7804878048780566,109.31666338171654,252.0,265.1190476190476,44.00000000000001,-35.03106075537652,-36.0,44.00000000000001
DELL,dip10_3d,10.0,1170,2.5,60,10.0,5.0,1950,52,8,5,2,1,0,62.5,71.42857142857143,37.333333333333336,34.095238095238095,418.1135530146355,48.0,773.125,88.35225883577259,-56.0,-56.0,94.0
ARM,dip4_1d,4.0,390,1.2,30,5.0,3.0,780,270,46,16,28,2,0,34.78260869565217,36.36363636363637,44.99999999999999,-8.636363636363626,-349.62779630695013,276.0,313.5869565217391,44.00000000000001,-35.120926543565005,-36.0,44.00000000000001
ARM,dip5_1d,5.0,390,1.5,30,6.0,3.0,780,215,40,9,27,4,0,22.5,25.0,40.0,-15.0,-468.85281304117495,240.0,341.75,48.80389924320397,-34.67916223160064,-36.0,54.0
ARM,dip5_2d,5.0,780,1.5,45,6.0,3.5,1170,220,35,11,24,0,0,31.428571428571427,31.428571428571427,43.15789473684211,-11.729323308270683,-390.0,210.0,433.85714285714283,54.0,-41.0,-41.0,54.0
ARM,dip6_1d,6.0,390,1.5,30,6.0,3.0,780,170,37,9,25,3,0,24.324324324324323,26.470588235294116,40.0,-13.529411764705884,-374.36834247466624,222.0,316.4864864864865,48.80389924320397,-35.04658592884269,-36.0,54.0
ARM,dip6_2d,6.0,780,2.0,60,7.0,3.5,1170,162,34,10,23,1,0,29.41176470588235,30.303030303030305,39.04761904761905,-8.744588744588746,-243.95276580192677,204.00000000000003,421.3235294117647,63.54974856346121,-41.0,-41.0,64.0
ARM,dip7_2d,7.0,780,2.0,45,7.0,4.0,1170,182,29,9,19,1,0,31.03448275862069,32.142857142857146,41.81818181818181,-9.675324675324667,-246.80654056503408,174.00000000000003,446.55172413793105,62.71934594349659,-46.0,-46.0,64.0
ARM,dip8_2d,8.0,780,2.0,60,8.0,4.0,1170,128,25,8,16,1,0,32.0,33.333333333333336,38.33333333333333,-4.999999999999993,-84.95276580192677,150.0,508.6,72.3385815775637,-46.0,-46.0,74.0
ARM,dip8_3d,8.0,1170,2.5,90,8.0,4.0,1560,113,24,8,15,1,0,33.333333333333336,34.78260869565217,38.33333333333333,-3.5507246376811565,-75.46974638684335,144.00000000000003,570.625,68.28113929035074,-46.0,-46.0,74.0
ARM,dip4_2d,4.0,780,1.2,45,5.0,3.0,1170,252,40,16,24,0,0,40.0,40.0,44.99999999999999,-4.999999999999993,-159.99999999999994,240.0,351.125,44.00000000000001,-36.0,-36.0,44.00000000000001
ARM,dip10_3d,10.0,1170,2.5,60,10.0,5.0,1950,127,19,6,12,1,0,31.57894736842105,33.333333333333336,37.333333333333336,-4.0,-88.24006154638909,114.0,710.5263157894736,83.39427692194441,-56.0,-56.0,94.0
IBM,dip4_1d,4.0,390,1.2,30,5.0,3.0,780,55,11,3,4,4,0,27.272727272727273,42.857142857142854,44.99999999999999,-2.142857142857139,-21.27754042202462,66.0,509.09090909090907,35.805081987111606,-23.499695481495866,-36.0,44.00000000000001
IBM,dip5_1d,5.0,390,1.5,30,6.0,3.0,780,19,5,2,2,1,0,40.0,50.0,40.0,10.0,13.83200152270878,30.0,482.0,54.0,-31.38933282576374,-36.0,54.0
IBM,dip5_2d,5.0,780,1.5,45,6.0,3.5,1170,46,7,3,3,1,0,42.857142857142854,50.0,43.15789473684211,6.84210526315789,31.087344829340584,42.0,651.4285714285714,54.0,-32.72816379266485,-41.0,54.0
IBM,dip6_1d,6.0,390,1.5,30,6.0,3.0,780,13,3,1,2,0,0,33.333333333333336,33.333333333333336,40.0,-6.666666666666664,-18.0,18.000000000000004,296.6666666666667,54.0,-36.0,-36.0,54.0
IBM,dip6_2d,6.0,780,2.0,60,7.0,3.5,1170,22,7,2,3,2,0,28.571428571428573,40.0,39.04761904761905,0.952380952380949,-21.753691415347653,42.0,845.0,46.93143986396431,-40.637002751810144,-41.0,64.0
IBM,dip7_2d,7.0,780,2.0,45,7.0,4.0,1170,18,3,0,2,1,0,0.0,0.0,41.81818181818181,-41.81818181818181,-78.75996743807003,18.000000000000004,1010.0,13.240032561929965,-46.0,-46.0,13.240032561929965
IBM,dip8_2d,8.0,780,2.0,60,8.0,4.0,1170,12,2,0,1,1,0,0.0,0.0,38.33333333333333,-38.33333333333333,-33.20568040810707,12.0,945.0,12.794319591892927,-46.0,-46.0,12.794319591892927
IBM,dip8_3d,8.0,1170,2.5,90,8.0,4.0,1560,16,3,0,1,2,0,0.0,0.0,38.33333333333333,-38.33333333333333,-52.6996513459917,18.000000000000004,841.6666666666666,0.0,-17.5665504486639,-46.0,-0.13381481423290797
IBM,dip4_2d,4.0,780,1.2,45,5.0,3.0,1170,87,13,3,6,4,0,23.076923076923077,33.333333333333336,44.99999999999999,-11.666666666666657,-49.51886308953557,78.0,690.3846153846154,38.243482911149215,-30.0920347056602,-36.0,44.00000000000001
IBM,dip10_3d,10.0,1170,2.5,60,10.0,5.0,1950,17,2,0,1,1,0,0.0,0.0,37.333333333333336,-37.333333333333336,-71.35522418389722,12.0,1335.0,0.0,-35.67761209194861,-56.0,-15.355224183897226
TXN,dip4_1d,4.0,390,1.2,30,5.0,3.0,780,104,18,4,6,8,0,22.22222222222222,40.0,44.99999999999999,-4.999999999999993,-91.26625765824383,108.0,541.6666666666666,29.459950022284154,-27.044173437657534,-36.0,44.00000000000001
TXN,dip5_1d,5.0,390,1.5,30,6.0,3.0,780,39,10,2,4,4,0,20.0,33.333333333333336,40.0,-6.666666666666664,-12.321583413432208,60.0,548.5,29.37038414413114,-31.834700826817585,-36.0,54.0
TXN,dip5_2d,5.0,780,1.5,45,6.0,3.5,1170,68,11,2,1,8,0,18.181818181818183,66.66666666666667,43.15789473684211,23.50877192982456,74.9801389947877,66.0,1022.2727272727273,40.26098823200196,-21.054133694203678,-41.0,54.0
TXN,dip6_1d,6.0,390,1.5,30,6.0,3.0,780,19,8,3,3,2,0,37.5,50.0,40.0,10.0,55.62543522121718,48.0,451.25,45.901337439953416,-31.994978634649122,-36.0,54.0
TXN,dip6_2d,6.0,780,2.0,60,7.0,3.5,1170,30,8,2,3,3,0,25.0,40.0,39.04761904761905,0.952380952380949,26.43374406232269,48.0,896.25,45.62685244593809,-39.01841643035742,-41.0,64.0
TXN,dip7_2d,7.0,780,2.0,45,7.0,4.0,1170,18,5,2,1,2,0,40.0,66.66666666666667,41.81818181818181,24.84848484848486,40.09357561297949,30.0,818.0,42.80479055816096,-44.1603980307517,-46.0,64.0
TXN,dip8_2d,8.0,780,2.0,60,8.0,4.0,1170,7,2,1,0,1,0,50.0,100.0,38.33333333333333,61.66666666666667,89.3978351297115,12.0,1147.5,44.69891756485575,0.0,15.397835129711495,74.0
TXN,dip8_3d,8.0,1170,2.5,90,8.0,4.0,1560,6,2,0,0,2,0,0.0,,38.33333333333333,,-32.66809867323649,12.0,1560.0,0.018594698221635272,-32.68669337145813,-32.68669337145813,0.018594698221635272
TXN,dip4_2d,4.0,780,1.2,45,5.0,3.0,1170,131,16,4,5,7,0,25.0,44.44444444444444,44.99999999999999,-0.55555555555555,60.86622854380981,96.0,806.5625,28.506459235893512,-27.95598636846169,-36.0,44.00000000000001
TXN,dip10_3d,10.0,1170,2.5,60,10.0,5.0,1950,2,1,0,0,1,0,0.0,,37.333333333333336,,-21.664699418439064,6.0,1950.0,0.0,-21.664699418439064,-21.664699418439064,-21.664699418439064
QCOM,dip4_1d,4.0,390,1.2,30,5.0,3.0,780,134,26,6,16,4,0,23.076923076923077,27.272727272727273,44.99999999999999,-17.72727272727272,-268.0186347259201,156.0,425.7692307692308,36.08163575467023,-34.867844501056005,-36.0,44.00000000000001
QCOM,dip5_1d,5.0,390,1.5,30,6.0,3.0,780,81,19,3,12,4,0,15.789473684210526,20.0,40.0,-20.0,-275.59288820162124,114.0,432.63157894736844,39.24891677009918,-33.70267657515122,-36.0,54.0
QCOM,dip5_2d,5.0,780,1.5,45,6.0,3.5,1170,113,17,5,9,3,0,29.41176470588235,35.714285714285715,43.15789473684211,-7.4436090225563945,-47.88936010621316,102.00000000000001,650.8823529411765,45.951438409221694,-36.954942897076506,-41.0,54.0
QCOM,dip6_1d,6.0,390,1.5,30,6.0,3.0,780,51,11,1,7,3,0,9.090909090909092,12.5,40.0,-27.5,-176.13449164082076,66.0,400.45454545454544,30.872954959043767,-33.59416956474401,-36.0,54.0
QCOM,dip6_2d,6.0,780,2.0,60,7.0,3.5,1170,58,12,2,7,3,0,16.666666666666668,22.22222222222222,39.04761904761905,-16.82539682539683,-110.7765680437128,72.00000000000001,607.0833333333334,45.612033984910234,-36.653087997919215,-41.0,64.0
QCOM,dip7_2d,7.0,780,2.0,45,7.0,4.0,1170,52,8,1,4,3,0,12.5,20.0,41.81818181818181,-21.818181818181813,-163.04346387779933,48.0,665.625,64.0,-32.43478055397133,-46.0,64.0
QCOM,dip8_2d,8.0,780,2.0,60,8.0,4.0,1170,32,6,0,3,3,0,0.0,0.0,38.33333333333333,-38.33333333333333,-52.44533973392393,36.00000000000001,828.3333333333334,45.889682124714895,-36.05617599583843,-46.0,53.11502850852379
QCOM,dip8_3d,8.0,1170,2.5,90,8.0,4.0,1560,36,9,2,5,2,0,22.22222222222222,28.571428571428573,38.33333333333333,-9.761904761904756,-78.87054286307585,54.0,675.0,53.87712030407298,-40.0836506292158,-46.0,74.0
QCOM,dip4_2d,4.0,780,1.2,45,5.0,3.0,1170,152,23,9,12,2,0,39.130434782608695,42.857142857142854,44.99999999999999,-2.142857142857139,-29.775421115333547,138.0,545.0,40.27740078554315,-33.27303299775116,-36.0,44.00000000000001
QCOM,dip10_3d,10.0,1170,2.5,60,10.0,5.0,1950,36,6,2,3,1,0,33.333333333333336,40.0,37.333333333333336,2.6666666666666643,16.326357396794208,36.00000000000001,889.1666666666666,94.0,-42.91841065080145,-56.0,94.0
AVGO,dip4_1d,4.0,390,1.2,30,5.0,3.0,780,84,13,5,3,5,0,38.46153846153846,62.5,44.99999999999999,17.500000000000007,146.11198055134614,78.0,618.8461538461538,30.59624914196037,-32.3135654315743,-36.0,44.00000000000001
AVGO,dip5_1d,5.0,390,1.5,30,6.0,3.0,780,54,10,3,4,3,0,30.0,42.857142857142854,40.0,2.857142857142854,24.860927640161016,60.0,562.0,38.02303787329164,-33.050852345259436,-36.0,54.0
AVGO,dip5_2d,5.0,780,1.5,45,6.0,3.5,1170,78,13,4,3,6,0,30.76923076923077,57.142857142857146,43.15789473684211,13.984962406015036,93.7402479437232,78.0,755.3846153846154,35.22358193244777,-37.609681503171785,-41.0,54.0
AVGO,dip6_1d,6.0,390,1.5,30,6.0,3.0,780,24,5,2,1,2,0,40.0,66.66666666666667,40.0,26.66666666666667,79.45348830064987,30.0,759.0,41.42696808129958,-22.413707971624433,-36.0,54.0
AVGO,dip6_2d,6.0,780,2.0,60,7.0,3.5,1170,39,9,2,3,4,0,22.22222222222222,40.0,39.04761904761905,0.952380952380949,47.6802143994274,54.0,760.0,43.0472139450899,-24.90172827618644,-41.0,64.0
AVGO,dip7_2d,7.0,780,2.0,45,7.0,4.0,1170,31,5,1,1,3,0,20.0,50.0,41.81818181818181,8.181818181818187,107.91220255054057,30.0,991.0,38.47805063763514,-46.0,-46.0,64.0
AVGO,dip8_2d,8.0,780,2.0,60,8.0,4.0,1170,14,5,0,1,4,0,0.0,0.0,38.33333333333333,-38.33333333333333,80.3599037068195,30.0,1062.0,42.12394015629436,-23.00595838103179,-46.0,46.12457978931195
AVGO,dip8_3d,8.0,1170,2.5,90,8.0,4.0,1560,23,6,1,2,3,0,16.666666666666668,33.333333333333336,38.33333333333333,-4.999999999999993,61.927145214411816,36.00000000000001,1114.1666666666667,54.42833534478044,-33.78595360664317,-46.0,74.0
AVGO,dip4_2d,4.0,780,1.2,45,5.0,3.0,1170,121,16,7,7,2,0,43.75,50.0,44.99999999999999,5.000000000000007,29.641384578901864,96.0,695.9375,44.00000000000001,-30.928735046788688,-36.0,44.00000000000001
AVGO,dip10_3d,10.0,1170,2.5,60,10.0,5.0,1950,11,2,0,1,1,0,0.0,0.0,37.333333333333336,-37.333333333333336,-84.96082084373896,12.0,1150.0,0.0,-42.48041042186948,-56.0,-28.960820843738958
ORCL,dip4_1d,4.0,390,1.2,30,5.0,3.0,780,160,28,8,15,5,0,28.571428571428573,34.78260869565217,44.99999999999999,-10.21739130434782,-217.85414323751672,168.0,454.10714285714283,36.452680796820864,-32.35449728920696,-36.0,44.00000000000001
ORCL,dip5_1d,5.0,390,1.5,30,6.0,3.0,780,101,19,3,12,4,0,15.789473684210526,20.0,40.0,-20.0,-242.56151281426716,114.0,465.5263157894737,41.67787984608797,-32.210779431764784,-36.0,54.0
ORCL,dip5_2d,5.0,780,1.5,45,6.0,3.5,1170,140,21,4,12,5,0,19.047619047619047,25.0,43.15789473684211,-18.15789473684211,-220.3569147554266,126.0,561.1904761904761,36.372536970057354,-39.33363157814503,-41.0,54.0
ORCL,dip6_1d,6.0,390,1.5,30,6.0,3.0,780,49,10,1,6,3,0,10.0,14.285714285714286,40.0,-25.714285714285715,-193.25837578992662,60.0,501.0,30.01285187536993,-31.66050994258331,-36.0,54.0
ORCL,dip6_2d,6.0,780,2.0,60,7.0,3.5,1170,80,17,1,11,5,0,5.882352941176471,8.333333333333334,39.04761904761905,-30.714285714285715,-325.56926327039656,102.00000000000001,662.0588235294117,35.16897940970936,-35.865013916094924,-41.0,64.0
ORCL,dip7_2d,7.0,780,2.0,45,7.0,4.0,1170,63,11,1,6,4,0,9.090909090909092,14.285714285714286,41.81818181818181,-27.53246753246753,-110.41412776327354,66.0,784.0909090909091,33.11717444734529,-46.0,-46.0,64.0
ORCL,dip8_2d,8.0,780,2.0,60,8.0,4.0,1170,32,8,1,5,2,0,12.5,16.666666666666668,38.33333333333333,-21.66666666666666,-109.3281556177817,48.0,713.75,60.59608144586301,-38.42005308491795,-46.0,74.0
ORCL,dip8_3d,8.0,1170,2.5,90,8.0,4.0,1560,52,12,2,8,2,0,16.666666666666668,20.0,38.33333333333333,-18.33333333333333,-183.5617875416735,72.00000000000001,861.6666666666666,46.10955311458162,-46.0,-46.0,74.0
ORCL,dip4_2d,4.0,780,1.2,45,5.0,3.0,1170,187,27,8,15,4,0,29.62962962962963,34.78260869565217,44.99999999999999,-10.21739130434782,-154.22254723359168,162.0,492.22222222222223,36.77730420528382,-34.92330584323211,-36.0,44.00000000000001
ORCL,dip10_3d,10.0,1170,2.5,60,10.0,5.0,1950,34,7,1,4,2,0,14.285714285714286,20.0,37.333333333333336,-17.333333333333336,-99.9279300365473,42.0,1237.857142857143,41.357356654484235,-56.0,-56.0,94.0
