symbol,group,take_profit_pct,stop_loss_pct,trades,wins,losses,timeouts,both_hit,win_rate_pct,net_usd,fees_usd,avg_hold_minutes,avg_win_usd,avg_loss_usd,worst_trade_usd,best_trade_usd
BTCUSDT,major,0.5,0.08,533,46,409,78,0,8.630393996247655,-1044.4491401066737,1066.0,17.913696060037523,2.2994632692645465,-2.614093143342976,-2.8,3.0
BTCUSDT,major,0.5,0.15,357,50,218,89,0,14.005602240896359,-706.2586266103829,714.0,27.238095238095237,2.3717090329596564,-3.058216671155659,-3.5,3.0
BTCUSDT,major,0.5,0.25,277,43,126,108,0,15.52346570397112,-578.2184674038332,554.0,35.39350180505415,2.2541427723097205,-3.3919418067213867,-4.500000000000001,3.0
BTCUSDT,major,0.5,0.35,240,41,72,127,0,17.083333333333332,-491.0381067777017,480.0,41.00416666666667,2.2726990072260627,-3.517724839209451,-5.5,3.0
BTCUSDT,major,0.5,0.5,218,39,44,135,0,17.889908256880734,-471.09041074705857,436.0,45.24311926605505,2.440176596794678,-3.6389076992556157,-7.0,3.0
BTCUSDT,major,0.3,0.15,458,121,276,61,1,26.419213973799128,-946.2331296892859,916.0,21.010917030567686,0.9875302513025382,-3.187162240595516,-3.5,1.0
BTCUSDT,major,0.3,0.3,300,88,104,108,1,29.333333333333332,-657.8587909045172,600.0,32.60333333333333,0.9359174689972285,-3.6652297447463287,-5.0,1.0
BTCUSDT,major,0.4,0.2,344,75,174,95,0,21.802325581395348,-693.7218223392489,688.0,28.305232558139537,1.8425001751843104,-3.3030109976941846,-4.0,2.0
BTCUSDT,major,0.4,0.35,260,63,83,114,0,24.23076923076923,-550.1565118378766,520.0,37.77307692307692,1.757565320545224,-3.74584175693912,-5.5,2.0
BTCUSDT,major,0.25,0.12,573,152,372,49,5,26.527050610820243,-1196.523961325619,1146.0000000000002,16.593368237347295,0.5,-3.022622235927838,-3.1999999999999997,0.5
BTCUSDT,major,0.2,0.1,750,220,490,40,6,29.333333333333332,-1533.1128908256583,1500.0,12.441333333333333,0.0,-2.0441505211008777,-3.0,0.0
BTCUSDT,major,0.6,0.25,275,37,126,112,0,13.454545454545455,-555.4800766297918,550.0,35.658181818181816,2.881261155022816,-3.358678170259899,-4.500000000000001,4.0
BTCUSDT,major,0.8,0.3,233,18,86,129,0,7.725321888412017,-491.99842185741096,466.0,42.26609442060086,2.9582802984593557,-3.4270047361268112,-5.0,6.0
BTCUSDT,major,0.8,0.4,205,15,54,136,0,7.317073170731708,-452.83194646080864,410.00000000000006,48.17560975609756,2.8806268520272087,-3.5598697598640663,-6.0,6.0
BTCUSDT,major,1.0,0.4,207,11,55,141,0,5.314009661835748,-446.34386014705626,414.00000000000006,47.70048309178744,3.596871360201358,-3.534243799731201,-6.0,8.0
BTCUSDT,major,1.0,0.5,192,10,35,147,0,5.208333333333333,-404.13312730622243,384.0,51.505208333333336,3.377887605256062,-3.413644959359333,-7.0,8.0
ETHUSDT,major,0.5,0.08,820,83,684,53,2,10.121951219512194,-1689.445924342413,1640.0000000000002,11.29390243902439,2.5916193608130347,-2.73599767858515,-2.8,3.0
ETHUSDT,major,0.5,0.15,525,86,367,72,3,16.38095238095238,-1073.356150024746,1050.0,18.20190476190476,2.542880199631076,-3.2744344255647224,-3.5,3.0
ETHUSDT,major,0.5,0.25,390,90,214,86,1,23.076923076923077,-789.5101905210856,780.0,24.848717948717947,2.619558410722385,-3.895326375978392,-4.500000000000001,3.0
ETHUSDT,major,0.5,0.35,322,84,142,96,1,26.08695652173913,-700.0695333804144,644.0,30.30745341614907,2.643448528684671,-4.344208947067033,-5.5,3.0
ETHUSDT,major,0.5,0.5,271,73,83,115,1,26.937269372693727,-598.8359907502166,542.0,36.199261992619924,2.647236075375797,-4.665191520052301,-7.0,3.0
ETHUSDT,major,0.3,0.15,684,207,435,42,4,30.263157894736842,-1387.702426602455,1368.0,13.738304093567251,1.0,-3.343191670026111,-3.5,1.0
ETHUSDT,major,0.3,0.3,447,183,200,64,3,40.939597315436245,-953.3708866456244,894.0,21.552572706935123,1.0,-4.304435176687972,-5.0,1.0
ETHUSDT,major,0.4,0.2,500,135,301,64,2,27.0,-1029.8237469016628,1000.0,19.162,1.9331405368270504,-3.6433790590254302,-4.0,2.0
ETHUSDT,major,0.4,0.35,355,120,148,87,1,33.80281690140845,-740.7653503905811,710.0,27.39718309859155,1.922346994146118,-4.347250068904335,-5.5,2.0
ETHUSDT,major,0.25,0.12,919,269,625,25,10,29.27094668117519,-1901.0261424516423,1838.0,9.969532100108815,0.5,-3.131578680694835,-3.1999999999999997,0.5
ETHUSDT,major,0.2,0.1,1152,363,772,17,21,31.510416666666668,-2343.257311328684,2304.0000000000005,7.750868055555555,0.0,-2.034077527195038,-3.0,0.0
ETHUSDT,major,0.6,0.25,350,62,195,93,0,17.714285714285715,-725.7307047815254,700.0000000000001,27.802857142857142,3.1007619083669358,-3.891505939934041,-4.500000000000001,4.0
ETHUSDT,major,0.8,0.3,281,38,136,107,0,13.523131672597865,-527.5725691808348,562.0,34.87544483985765,4.096196109076026,-3.897154728215393,-5.0,6.0
ETHUSDT,major,0.8,0.4,256,34,100,122,0,13.28125,-529.1840295249069,512.0,38.37890625,3.737303246642278,-4.382552822567175,-6.0,6.0
ETHUSDT,major,1.0,0.4,245,27,95,123,0,11.020408163265307,-458.5414212403565,490.0,40.14693877551021,4.536431429869919,-4.283608578885623,-6.0,8.0
ETHUSDT,major,1.0,0.5,222,24,68,130,0,10.81081081081081,-449.142903207731,444.0,44.409909909909906,4.29345077545543,-4.416418636711256,-7.0,8.0
BNBUSDT,major,0.5,0.08,573,60,453,60,0,10.471204188481675,-1101.1037122320583,1146.0000000000002,16.593368237347295,2.3599907837142555,-2.6777472682371317,-2.8,3.0
BNBUSDT,major,0.5,0.15,381,58,244,79,0,15.223097112860893,-730.07570438228,762.0,25.459317585301836,2.3344234516607965,-3.100110237819215,-3.5,3.0
BNBUSDT,major,0.5,0.25,285,56,135,94,0,19.649122807017545,-554.9031632021229,570.0000000000001,34.371929824561406,2.383169498666982,-3.578697507720518,-4.500000000000001,3.0
BNBUSDT,major,0.5,0.35,248,51,84,113,0,20.56451612903226,-492.56493648726774,496.0,39.649193548387096,2.3690846846862463,-3.7331635542372386,-5.5,3.0
BNBUSDT,major,0.5,0.5,218,47,43,128,0,21.559633027522935,-418.61337631815803,436.0,45.24311926605505,2.4687448895294626,-3.744240579532751,-7.0,3.0
BNBUSDT,major,0.3,0.15,500,147,302,51,2,29.4,-972.0510294665588,1000.0,19.162,0.9865176537829506,-3.2000819358114327,-3.5,1.0
BNBUSDT,major,0.3,0.3,327,120,126,81,0,36.69724770642202,-664.1375736641422,654.0,29.828746177370032,0.9625674033948001,-3.9319181694764085,-5.0,1.0
BNBUSDT,major,0.4,0.2,356,82,194,80,1,23.03370786516854,-724.5078341263392,712.0,27.31741573033708,1.8479759453091962,-3.36857979301689,-4.0,2.0
BNBUSDT,major,0.4,0.35,270,74,99,97,0,27.40740740740741,-545.9274990245244,540.0,36.337037037037035,1.753839146032782,-3.9098501231526375,-5.5,2.0
BNBUSDT,major,0.25,0.12,653,203,414,36,2,31.08728943338438,-1273.8132355551506,1306.0,14.437978560490047,0.5,-3.056251634567002,-3.1999999999999997,0.5
BNBUSDT,major,0.2,0.1,845,280,543,22,1,33.13609467455621,-1662.9242891621338,1690.0,10.930177514792899,0.0,-1.9679577386534128,-3.0,0.0
BNBUSDT,major,0.6,0.25,265,35,122,108,0,13.20754716981132,-506.3283422977734,530.0,37.04150943396226,2.7102710736018807,-3.4432474027914455,-4.500000000000001,4.0
BNBUSDT,major,0.8,0.3,231,20,92,119,0,8.658008658008658,-446.485505147168,462.0,42.64069264069264,3.244842135955063,-3.550862628549412,-5.0,6.0
BNBUSDT,major,0.8,0.4,212,15,63,134,0,7.0754716981132075,-433.93541394845124,424.0,46.551886792452834,2.6286310354770994,-3.849834281317648,-6.0,6.0
BNBUSDT,major,1.0,0.4,209,10,61,138,0,4.784688995215311,-434.9700092037806,418.0,47.23444976076555,3.0480929126909313,-3.7368528338672022,-6.0,8.0
BNBUSDT,major,1.0,0.5,191,9,40,142,0,4.712041884816754,-397.87897667104096,382.0,51.78010471204188,3.4898998986702727,-3.606432483443483,-7.0,8.0
XRPUSDT,large_alt,0.5,0.08,1228,159,1036,33,3,12.947882736156352,-2429.597511133247,2456.0,7.20928338762215,2.790256301276995,-2.776314277716759,-2.8,3.0
XRPUSDT,large_alt,0.5,0.15,858,179,638,41,3,20.86247086247086,-1734.460198672167,1716.0,10.749417249417249,2.852601266203916,-3.417251934808268,-3.5,3.0
XRPUSDT,large_alt,0.5,0.25,612,168,389,55,4,27.45098039215686,-1306.8673421075623,1224.0,15.472222222222221,2.8265137463828522,-4.268565120191605,-4.500000000000001,3.0
XRPUSDT,large_alt,0.5,0.35,484,159,258,67,3,32.85123966942149,-1037.4366390960558,968.0,19.828512396694215,2.850869337126768,-4.896750529108525,-5.5,3.0
XRPUSDT,large_alt,0.5,0.5,379,145,155,79,2,38.25857519788918,-797.0237284223721,758.0,25.598944591029024,2.827137571931468,-5.627653686821468,-7.0,3.0
XRPUSDT,large_alt,0.3,0.15,1152,369,757,26,13,32.03125,-2315.2184562096013,2304.0000000000005,7.750868055555555,0.9931905949234086,-3.441904304514243,-3.5,1.0
XRPUSDT,large_alt,0.3,0.3,751,345,368,38,5,45.938748335552596,-1569.162084647818,1502.0,12.423435419440745,0.9954869438272821,-4.7390991439502095,-5.0,1.0
XRPUSDT,large_alt,0.4,0.2,803,244,523,36,4,30.386052303860524,-1640.1970812611069,1606.0,11.55417185554172,1.9313057411927597,-3.8917519074183593,-4.0,2.0
XRPUSDT,large_alt,0.4,0.35,551,221,279,51,5,40.10889292196007,-1160.7456529572517,1102.0,17.295825771324864,1.937093692102542,-5.025669674477934,-5.5,2.0
XRPUSDT,large_alt,0.25,0.12,1471,455,999,17,23,30.931339225016995,-2994.2383143887714,2942.0,5.853161114887832,0.49934471193391766,-3.1743246335277115,-3.1999999999999997,0.5
XRPUSDT,large_alt,0.2,0.1,1830,579,1241,10,49,31.639344262295083,-3736.96880998154,3660.0,4.508743169398907,0.0,-2.042059459006306,-3.0,0.0
XRPUSDT,large_alt,0.6,0.25,554,130,364,60,2,23.465703971119133,-1179.6925775220352,1108.0,17.196750902527075,3.6119731904016015,-4.241670575041664,-4.500000000000001,4.0
XRPUSDT,large_alt,0.8,0.3,396,71,240,85,1,17.92929292929293,-804.5993233995782,792.0,24.457070707070706,4.577357408318439,-4.478811647369034,-5.0,6.0
XRPUSDT,large_alt,0.8,0.4,344,69,174,101,1,20.058139534883722,-711.5639015768032,688.0,28.305232558139537,4.797821401674635,-4.843053960582009,-6.0,6.0
XRPUSDT,large_alt,1.0,0.4,321,47,167,107,0,14.641744548286605,-694.911491315105,642.0,30.404984423676012,5.756265839951214,-4.750646663930788,-6.0,8.0
XRPUSDT,large_alt,1.0,0.5,285,48,128,109,0,16.842105263157894,-605.3909421161003,570.0000000000001,34.371929824561406,5.6999760576254195,-5.284674772617659,-7.0,8.0
SOLUSDT,large_alt,0.5,0.08,945,119,790,36,1,12.592592592592593,-1870.216450776931,1890.0000000000002,9.667724867724868,2.774422320728535,-2.757653472209162,-2.8,3.0
SOLUSDT,large_alt,0.5,0.15,591,119,428,44,1,20.135363790186126,-1165.8968435181012,1182.0,16.057529610829103,2.7239371607251703,-3.3765984557730198,-3.5,3.0
SOLUSDT,large_alt,0.5,0.25,431,111,257,63,1,25.754060324825986,-903.7224592770756,862.0,22.389791183294662,2.731266287132931,-4.113793676786045,-4.500000000000001,3.0
SOLUSDT,large_alt,0.5,0.35,342,102,165,75,0,29.82456140350877,-706.3875168424858,684.0,28.476608187134502,2.6789337866915024,-4.597222589501231,-5.5,3.0
SOLUSDT,large_alt,0.5,0.5,277,90,87,100,0,32.49097472924188,-571.237095725265,554.0,35.39350180505415,2.6323660673165246,-5.017060381930195,-7.0,3.0
SOLUSDT,large_alt,0.3,0.15,853,272,560,21,5,31.887456037514653,-1713.496201576742,1706.0,10.818288393903869,0.9915438738758989,-3.4362816036204396,-3.5,1.0
SOLUSDT,large_alt,0.3,0.3,509,225,242,42,3,44.20432220039293,-1073.8786427739199,1018.0,18.80550098231827,1.0,-4.573516347795493,-5.0,1.0
SOLUSDT,large_alt,0.4,0.2,559,166,346,47,2,29.695885509838998,-1101.9931042222947,1118.0,17.033989266547405,1.9178931507740011,-3.78839392404217,-4.0,2.0
SOLUSDT,large_alt,0.4,0.35,375,135,177,63,2,36.0,-814.1967727150728,750.0,25.882666666666665,1.932369205044226,-4.700541245846541,-5.5,2.0
SOLUSDT,large_alt,0.25,0.12,1102,349,736,17,5,31.669691470054445,-2203.565711234581,2204.0,8.147912885662432,0.4985914988172887,-3.162330765718912,-3.1999999999999997,0.5
SOLUSDT,large_alt,0.2,0.1,1425,485,930,10,13,34.03508771929825,-2804.201681298096,2850.0,6.074385964912281,0.0,-1.96786082898112,-3.0,0.0
SOLUSDT,large_alt,0.6,0.25,383,79,232,72,0,20.626631853785902,-778.5538303973439,766.0,25.321148825065276,3.389738231377762,-4.054073858281831,-4.500000000000001,4.0
SOLUSDT,large_alt,0.8,0.3,315,48,174,93,0,15.238095238095237,-617.9446454108223,630.0,31.003174603174603,4.027008981657327,-4.246905380767586,-5.0,6.0
SOLUSDT,large_alt,0.8,0.4,261,39,110,112,0,14.942528735632184,-508.2952141018828,522.0,37.62452107279694,4.114379934397166,-4.531239611939133,-6.0,6.0
SOLUSDT,large_alt,1.0,0.4,242,22,102,118,0,9.090909090909092,-489.19593165447276,484.0,40.65702479338843,4.5003079118512685,-4.4164742707616105,-6.0,8.0
SOLUSDT,large_alt,1.0,0.5,226,21,76,129,0,9.29203539823009,-475.76481036241654,452.0,43.60619469026549,4.26096257158432,-4.675325326182595,-7.0,8.0
ADAUSDT,large_alt,0.5,0.08,1445,192,1237,16,6,13.28719723183391,-2881.773515242728,2890.0,5.976470588235294,2.947921896729041,-2.7882392727619005,-2.8,3.0
ADAUSDT,large_alt,0.5,0.15,917,198,693,26,5,21.59214830970556,-1846.5422349819385,1834.0,9.993456924754634,2.917028437273825,-3.4422645472016122,-3.5,3.0
ADAUSDT,large_alt,0.5,0.25,671,198,436,37,2,29.508196721311474,-1397.8410633026522,1342.0,14.023845007451564,2.942261053168179,-4.3095630973232195,-4.500000000000001,3.0
ADAUSDT,large_alt,0.5,0.35,506,173,287,46,2,34.1897233201581,-1114.3447273384525,1012.0,18.92292490118577,2.9026949720238475,-5.119380752145466,-5.5,3.0
ADAUSDT,large_alt,0.5,0.5,403,160,179,64,1,39.702233250620345,-875.9703218665787,806.0,24.01488833746898,2.8561821549070734,-6.034220170944372,-7.0,3.0
ADAUSDT,large_alt,0.3,0.15,1334,437,885,12,12,32.758620689655174,-2674.3293246737994,2668.0,6.556971514242878,1.0,-3.4685945648537344,-3.5,1.0
ADAUSDT,large_alt,0.3,0.3,833,398,413,22,4,47.77911164465786,-1713.8633771403731,1666.0,11.10204081632653,1.0,-4.854858338253732,-5.0,1.0
ADAUSDT,large_alt,0.4,0.2,893,275,596,22,4,30.795072788353863,-1859.0985272955104,1786.0,10.288913773796192,1.9828630389850805,-3.9192430115989643,-4.0,2.0
ADAUSDT,large_alt,0.4,0.35,597,249,314,34,2,41.70854271356784,-1293.9506843090712,1194.0,15.88609715242881,1.985710481818794,-5.1802428186288685,-5.5,2.0
ADAUSDT,large_alt,0.25,0.12,1706,549,1153,4,21,32.18053927315358,-3421.6345861029104,3412.0,4.909144196951934,0.5,-3.19458477623414,-3.1999999999999997,0.5
ADAUSDT,large_alt,0.2,0.1,2073,705,1366,2,36,34.00868306801737,-4101.015818056774,4146.0,3.8630004823926676,0.0,-1.9782999604711886,-3.0,0.0
ADAUSDT,large_alt,0.6,0.25,591,147,398,46,0,24.873096446700508,-1234.1614707973108,1182.0,16.057529610829103,3.7648184717370046,-4.279761034295276,-4.500000000000001,4.0
ADAUSDT,large_alt,0.8,0.3,446,92,293,61,0,20.62780269058296,-933.3720804860284,892.0,21.603139013452914,5.3213345893023805,-4.608657324556148,-5.0,6.0
ADAUSDT,large_alt,0.8,0.4,364,80,207,77,0,21.978021978021978,-783.463574884739,728.0,26.695054945054945,4.913832404336214,-5.292907953057123,-6.0,6.0
ADAUSDT,large_alt,1.0,0.4,337,54,196,87,0,16.023738872403563,-711.3044350434028,674.0,28.91394658753709,5.824103239000003,-5.22559604441489,-6.0,8.0
ADAUSDT,large_alt,1.0,0.5,290,53,143,94,0,18.275862068965516,-603.0576864944364,580.0,33.762068965517244,5.526331716562291,-5.727208509445367,-7.0,8.0
AVAXUSDT,large_alt,0.5,0.08,1071,146,894,31,3,13.632119514472455,-2071.3220119363377,2142.0,8.412698412698413,2.851795826407208,-2.762218786975587,-2.8,3.0
AVAXUSDT,large_alt,0.5,0.15,725,152,529,44,2,20.96551724137931,-1412.720865192376,1450.0,12.904827586206897,2.811096151490576,-3.384174180687241,-3.5,3.0
AVAXUSDT,large_alt,0.5,0.25,510,139,316,55,1,27.254901960784313,-1054.1969858053608,1020.0,18.766666666666666,2.7793161941510736,-4.222520193447816,-4.500000000000001,3.0
AVAXUSDT,large_alt,0.5,0.35,396,121,204,71,1,30.555555555555557,-841.2936086756633,792.0,24.457070707070706,2.724718927762314,-4.865329704923613,-5.5,3.0
AVAXUSDT,large_alt,0.5,0.5,333,113,134,86,0,33.933933933933936,-735.5826865280711,666.0,29.273273273273272,2.6663152044284875,-5.533006258211701,-7.0,3.0
AVAXUSDT,large_alt,0.3,0.15,963,304,637,22,6,31.568016614745588,-1956.8936171976932,1926.0,9.468328141225337,0.9980191711416058,-3.4366101282612203,-3.5,1.0
AVAXUSDT,large_alt,0.3,0.3,596,265,293,38,4,44.46308724832215,-1281.2260212845633,1192.0,15.914429530201343,0.9900770587685208,-4.715142295836972,-5.0,1.0
AVAXUSDT,large_alt,0.4,0.2,679,205,441,33,2,30.191458026509572,-1393.0297366441314,1358.0,13.846833578792342,1.9587266208587726,-3.8596603710370347,-4.0,2.0
AVAXUSDT,large_alt,0.4,0.35,459,180,222,57,2,39.21568627450981,-980.3291578356141,918.0,20.962962962962962,1.9535628435263548,-4.9219481565256995,-5.5,2.0
AVAXUSDT,large_alt,0.25,0.12,1231,399,824,8,13,32.41267262388302,-2446.675080650096,2462.0,7.18927701056052,0.5,-3.1804988950121214,-3.1999999999999997,0.5
AVAXUSDT,large_alt,0.2,0.1,1571,513,1055,3,20,32.65436028007638,-3168.8495289092557,3142.0,5.416931890515595,0.0,-2.0170907249581513,-3.0,0.0
AVAXUSDT,large_alt,0.6,0.25,457,103,293,61,2,22.538293216630198,-939.8160472378183,914.0,21.059080962800877,3.508454862844252,-4.174868156967355,-4.500000000000001,4.0
AVAXUSDT,large_alt,0.8,0.3,360,62,212,86,1,17.22222222222222,-743.9279652731377,720.0,27.002777777777776,4.589772903081817,-4.318205574176889,-5.0,6.0
AVAXUSDT,large_alt,0.8,0.4,298,59,139,100,0,19.798657718120804,-598.2677520956908,596.0,32.828859060402685,4.427360260422234,-4.791971997758135,-6.0,6.0
AVAXUSDT,large_alt,1.0,0.4,276,34,124,118,0,12.318840579710145,-556.2981912991796,552.0,35.52536231884058,4.664037474136309,-4.646934920615211,-6.0,8.0
AVAXUSDT,large_alt,1.0,0.5,253,34,100,119,0,13.438735177865613,-538.4433864051699,506.0,38.84584980237154,5.079156513259134,-5.051232288183817,-7.0,8.0
LINKUSDT,large_alt,0.5,0.08,1180,163,993,24,4,13.813559322033898,-2295.4318019543193,2360.0,7.543220338983051,2.8867972989828905,-2.775419796105651,-2.8,3.0
LINKUSDT,large_alt,0.5,0.15,818,167,615,36,4,20.415647921760392,-1666.9432764336623,1636.0000000000002,11.3239608801956,2.8442498354511634,-3.434900544788953,-3.5,3.0
LINKUSDT,large_alt,0.5,0.25,568,150,368,50,2,26.408450704225352,-1251.1476035501546,1136.0000000000002,16.74823943661972,2.7914182585851233,-4.282579682628106,-4.500000000000001,3.0
LINKUSDT,large_alt,0.5,0.35,427,144,220,63,1,33.723653395784545,-873.6620767125829,854.0,22.60889929742389,2.8713502255728662,-4.9054224523241565,-5.5,3.0
LINKUSDT,large_alt,0.5,0.5,334,122,138,74,1,36.52694610778443,-762.1242454204863,668.0,29.182634730538922,2.7752056970149623,-5.842360365349752,-7.0,3.0
LINKUSDT,large_alt,0.3,0.15,1067,333,721,13,9,31.208997188378632,-2208.9903182112516,2134.0,8.447985004686036,1.0,-3.4632020684077,-3.5,1.0
LINKUSDT,large_alt,0.3,0.3,660,298,329,33,3,45.15151515151515,-1415.0060413333852,1320.0,14.274242424242424,0.9973403953247333,-4.761689333141125,-5.0,1.0
LINKUSDT,large_alt,0.4,0.2,750,225,501,24,2,30.0,-1575.426349340143,1500.0,12.441333333333333,1.9729655634474275,-3.9136443053882437,-4.0,2.0
LINKUSDT,large_alt,0.4,0.35,496,201,243,52,1,40.524193548387096,-1031.1786695473968,992.0,19.324596774193548,1.9755552175265174,-4.959113946061584,-5.5,2.0
LINKUSDT,large_alt,0.25,0.12,1378,433,939,6,15,31.42235123367199,-2795.4267346917227,2756.0,6.315674891146589,0.5,-3.1872240578748277,-3.1999999999999997,0.5
LINKUSDT,large_alt,0.2,0.1,1725,567,1154,4,27,32.869565217391305,-3466.4976455434517,3450.0,4.844057971014493,0.0,-2.0095638524889576,-3.0,0.0
LINKUSDT,large_alt,0.6,0.25,503,109,331,63,1,21.669980119284293,-1080.8301610892659,1006.0,19.041749502982107,3.4340124452977747,-4.238496901899074,-4.500000000000001,4.0
LINKUSDT,large_alt,0.8,0.3,373,66,232,75,0,17.694369973190348,-783.5096553047664,746.0,26.02680965147453,4.553891165292342,-4.538090739318684,-5.0,6.0
LINKUSDT,large_alt,0.8,0.4,320,63,167,90,0,19.6875,-685.8649992660276,640.0,30.503125,4.501496839000782,-5.163703105300481,-6.0,6.0
LINKUSDT,large_alt,1.0,0.4,304,40,162,102,0,13.157894736842104,-672.6833346850394,608.0,32.161184210526315,4.863859581004298,-5.142171336718242,-6.0,8.0
LINKUSDT,large_alt,1.0,0.5,259,43,113,103,0,16.602316602316602,-528.4340772064392,518.0,37.922779922779924,5.346279826930222,-5.341544488049481,-7.0,8.0
LTCUSDT,large_alt,0.5,0.08,913,122,773,18,0,13.362541073384447,-1788.8456067317102,1826.0,10.041621029572838,2.86477623698474,-2.781872879808574,-2.8,3.0
LTCUSDT,large_alt,0.5,0.15,609,123,454,32,0,20.19704433497537,-1231.0519487178608,1218.0,15.55336617405583,2.8083375133512485,-3.4232927712859795,-3.5,3.0
LTCUSDT,large_alt,0.5,0.25,410,113,238,59,0,27.5609756097561,-792.1995833332388,820.0000000000001,23.58780487804878,2.765076658995795,-4.113069817866759,-4.500000000000001,3.0
LTCUSDT,large_alt,0.5,0.35,345,110,170,65,0,31.884057971014492,-709.1847838824627,690.0000000000001,28.220289855072465,2.7787158146143383,-4.734084815675795,-5.5,3.0
LTCUSDT,large_alt,0.5,0.5,280,94,94,92,0,33.57142857142857,-580.628399885162,560.0,35.003571428571426,2.7628327960047923,-5.110548499149299,-7.0,3.0
LTCUSDT,large_alt,0.3,0.15,850,271,563,16,2,31.88235294117647,-1716.9321782595791,1700.0,10.86,0.993830993729327,-3.4535449141344006,-3.5,1.0
LTCUSDT,large_alt,0.3,0.3,501,228,241,32,1,45.50898203592814,-1044.0715304062464,1002.0,19.121756487025948,0.9907861215145245,-4.7146041647263015,-5.0,1.0
LTCUSDT,large_alt,0.4,0.2,567,169,368,30,0,29.80599647266314,-1159.6428760964873,1134.0000000000002,16.779541446208114,1.9437983976536382,-3.855628698669695,-4.0,2.0
LTCUSDT,large_alt,0.4,0.35,387,145,185,57,0,37.46770025839793,-825.2772588966984,774.0,25.04909560723514,1.9201749540699526,-4.840105072316987,-5.5,2.0
LTCUSDT,large_alt,0.25,0.12,1102,347,751,4,7,31.488203266787657,-2234.289314938565,2204.0,8.147912885662432,0.5,-3.189124920448417,-3.1999999999999997,0.5
LTCUSDT,large_alt,0.2,0.1,1439,486,951,2,10,33.77345378735233,-2856.051053330803,2878.0,6.005559416261293,0.0,-1.9847470836211278,-3.0,0.0
LTCUSDT,large_alt,0.6,0.25,376,84,226,66,0,22.340425531914892,-735.3984034889971,752.0,25.81117021276596,3.399943750346821,-4.11415047957632,-4.500000000000001,4.0
LTCUSDT,large_alt,0.8,0.3,298,41,159,98,0,13.758389261744966,-588.3478499811833,596.0,32.828859060402685,3.731360599658179,-4.288890856376349,-5.0,6.0
LTCUSDT,large_alt,0.8,0.4,246,42,104,100,0,17.073170731707318,-471.8462013700192,492.0,39.979674796747965,4.186585693543004,-4.544497341233728,-6.0,6.0
LTCUSDT,large_alt,1.0,0.4,244,26,107,111,0,10.655737704918034,-496.51780435629837,488.0,40.3155737704918,4.44005980616988,-4.536601540771875,-6.0,8.0
LTCUSDT,large_alt,1.0,0.5,218,25,75,118,0,11.46788990825688,-428.0277672785214,436.0,45.24311926605505,4.368370232983973,-4.772904456214884,-7.0,8.0
DOTUSDT,large_alt,0.5,0.08,2077,205,1869,3,5,9.870004814636495,-4614.304600467979,4154.0,3.8531535869041886,2.9754586515970596,-2.8000000000000984,-2.8,3.0
DOTUSDT,large_alt,0.5,0.15,1163,247,903,13,2,21.238177128116938,-2425.8217903035684,2326.0,7.668099742046432,2.9634350233507543,-3.4825547927419955,-3.5,3.0
DOTUSDT,large_alt,0.5,0.25,800,240,536,24,1,30.0,-1702.4601469325503,1600.0,11.60125,2.9271702141001446,-4.412569020405601,-4.500000000000001,3.0
DOTUSDT,large_alt,0.5,0.35,632,227,374,31,2,35.91772151898734,-1406.3677303205839,1264.0,14.950949367088608,2.930754603671764,-5.318877395926057,-5.5,3.0
DOTUSDT,large_alt,0.5,0.5,470,208,220,42,1,44.255319148936174,-1007.4759022152889,940.0000000000001,20.448936170212765,2.9387443030772413,-6.46553020346446,-7.0,3.0
DOTUSDT,large_alt,0.3,0.15,1635,509,1123,3,12,31.131498470948014,-3419.6511972676735,3270.0,5.165137614678899,0.9998726558400012,-3.496962744129817,-3.5,1.0
DOTUSDT,large_alt,0.3,0.3,962,456,492,14,2,47.4012474012474,-2030.0554644190547,1924.0,9.47920997920998,0.9996431199854747,-4.948094744517671,-5.0,1.0
DOTUSDT,large_alt,0.4,0.2,1060,330,718,12,3,31.132075471698112,-2220.359578167267,2120.0,8.510377358490565,1.9904990752952936,-3.9658813896019254,-4.0,2.0
DOTUSDT,large_alt,0.4,0.35,722,301,395,26,2,41.689750692520775,-1616.4701886579085,1444.0,12.962603878116344,1.983356966378907,-5.32708408490042,-5.5,2.0
DOTUSDT,large_alt,0.25,0.12,1879,689,1190,0,22,36.668440659925494,-3463.499999999934,3758.0,4.364555614688665,0.5,-3.199999999999933,-3.1999999999999997,0.5
DOTUSDT,large_alt,0.2,0.1,2362,786,1576,0,64,33.27688399661304,-4728.0,4724.0,3.2675698560541915,0.0,-2.0016934801016086,-3.0,0.0
DOTUSDT,large_alt,0.6,0.25,694,178,484,32,1,25.64841498559078,-1484.9595319361533,1388.0000000000002,13.52593659942363,3.838426733373603,-4.37707363275993,-4.500000000000001,4.0
DOTUSDT,large_alt,0.8,0.3,524,117,359,48,0,22.328244274809162,-1107.285776418897,1048.0,18.23854961832061,5.473744785673692,-4.772461513583813,-5.0,6.0
DOTUSDT,large_alt,0.8,0.4,416,111,248,57,0,26.682692307692307,-842.8414484341176,832.0000000000001,23.233173076923077,5.320017293941531,-5.594156430036307,-6.0,6.0
DOTUSDT,large_alt,1.0,0.4,362,70,219,73,0,19.337016574585636,-742.5473546182935,724.0,26.84806629834254,6.259731617009014,-5.446767215580698,-6.0,8.0
DOTUSDT,large_alt,1.0,0.5,333,72,183,78,0,21.62162162162162,-723.5019830029636,666.0,29.273273273273272,6.201005716858186,-6.192047112993989,-7.0,8.0
BCHUSDT,large_alt,0.5,0.08,1189,144,1020,25,6,12.111017661900757,-2423.590448632668,2378.0,7.478553406223718,2.8174488167169414,-2.7824901665120976,-2.8,3.0
BCHUSDT,large_alt,0.5,0.15,721,154,526,41,2,21.359223300970875,-1402.045500045159,1442.0,12.981969486823855,2.793735664518395,-3.417771452141463,-3.5,3.0
BCHUSDT,large_alt,0.5,0.25,518,141,325,52,2,27.22007722007722,-1086.6163929703957,1036.0,18.461389961389962,2.765258060745797,-4.27111084550202,-4.500000000000001,3.0
BCHUSDT,large_alt,0.5,0.35,417,127,218,72,1,30.455635491606714,-892.7211817492288,834.0,23.17505995203837,2.7758592049042314,-4.845904624814332,-5.5,3.0
BCHUSDT,large_alt,0.5,0.5,341,123,133,85,0,36.070381231671554,-732.86947352494,682.0,28.563049853372434,2.8331632559255233,-5.536187206121489,-7.0,3.0
BCHUSDT,large_alt,0.3,0.15,1014,334,663,17,10,32.938856015779095,-2011.2670555634718,2028.0,8.94181459566075,1.0,-3.4489221405345174,-3.5,1.0
BCHUSDT,large_alt,0.3,0.3,653,301,319,33,5,46.094946401225116,-1353.4469549683495,1306.0,14.437978560490047,1.0,-4.700133394796447,-5.0,1.0
BCHUSDT,large_alt,0.4,0.2,684,204,447,33,3,29.82456140350877,-1415.097108289635,1368.0,13.738304093567251,1.9478640689333968,-3.8853336623618873,-4.0,2.0
BCHUSDT,large_alt,0.4,0.35,482,190,238,54,3,39.41908713692946,-1019.5560772972764,964.0,19.914937759336098,1.970313965149459,-4.915166484148847,-5.5,2.0
BCHUSDT,large_alt,0.25,0.12,1355,428,922,5,9,31.58671586715867,-2743.3247114954365,2710.0,6.4398523985239855,0.5,-3.1902100447631354,-3.1999999999999997,0.5
BCHUSDT,large_alt,0.2,0.1,1510,537,969,4,11,35.562913907284766,-2912.806041014835,3020.0,5.676158940397351,0.0,-1.9290106231886326,-3.0,0.0
BCHUSDT,large_alt,0.6,0.25,467,104,303,60,1,22.26980728051392,-969.6739193281967,934.0,20.58672376873662,3.4220396294207447,-4.242934777348463,-4.500000000000001,4.0
BCHUSDT,large_alt,0.8,0.3,372,61,226,85,0,16.397849462365592,-752.555460204211,744.0,26.099462365591396,4.369772547607064,-4.503775392370691,-5.0,6.0
BCHUSDT,large_alt,0.8,0.4,318,58,160,100,0,18.238993710691823,-681.8562166614356,636.0,30.70125786163522,4.410010217794277,-4.9363551002326975,-6.0,6.0
BCHUSDT,large_alt,1.0,0.4,292,37,152,103,0,12.67123287671233,-645.8031816063124,584.0,33.523972602739725,4.630535065007293,-4.97484676474483,-6.0,8.0
BCHUSDT,large_alt,1.0,0.5,247,34,99,114,0,13.765182186234817,-539.0876027612537,494.0,39.81376518218624,4.771462255327792,-5.214809720411849,-7.0,8.0
ATOMUSDT,large_alt,0.5,0.08,1189,210,969,10,0,17.661900756938604,-2085.068426892333,2378.0,7.47771236333053,2.9593825260063427,-2.788078243546396,-2.8,3.0
ATOMUSDT,large_alt,0.5,0.15,915,220,683,12,0,24.043715846994534,-1733.4746261386165,1830.0,10.017486338797815,2.9800990400815963,-3.4746987136279213,-3.5,3.0
ATOMUSDT,large_alt,0.5,0.25,658,202,436,20,0,30.699088145896656,-1371.6788467991557,1316.0,14.320668693009118,2.919335839293181,-4.430221814845366,-4.500000000000001,3.0
ATOMUSDT,large_alt,0.5,0.35,491,178,279,34,0,36.25254582484725,-1028.381061009396,982.0,19.531568228105908,2.8972827798262575,-5.272540239854037,-5.5,3.0
ATOMUSDT,large_alt,0.5,0.5,401,164,183,54,0,40.89775561097257,-909.2918521115389,802.0,24.139650872817956,2.9162411642836505,-6.161071320385707,-7.0,3.0
ATOMUSDT,large_alt,0.3,0.15,1221,411,806,4,5,33.66093366093366,-2416.129684676491,2442.0,7.256347256347256,1.0,-3.490283561329001,-3.5,1.0
ATOMUSDT,large_alt,0.3,0.3,783,364,409,10,2,46.48786717752235,-1705.4643315273286,1566.0,11.874840357598979,1.0,-4.939055683836107,-5.0,1.0
ATOMUSDT,large_alt,0.4,0.2,811,263,538,10,1,32.42909987669544,-1636.7540802345302,1622.0,11.430332922318126,1.999044158007306,-3.9570415684615345,-4.0,2.0
ATOMUSDT,large_alt,0.4,0.35,560,235,299,26,1,41.964285714285715,-1224.8472149569286,1120.0,17.001785714285713,1.9853845463000517,-5.2939380732792545,-5.5,2.0
ATOMUSDT,large_alt,0.25,0.12,1701,527,1171,3,13,30.98177542621987,-3489.079379002469,3402.0,4.926513815402704,0.5,-3.1964049224893185,-3.1999999999999997,0.5
ATOMUSDT,large_alt,0.2,0.1,1935,611,1322,2,19,31.57622739018088,-3969.9917488739384,3870.0,4.209819121447029,0.0,-2.051675322415472,-3.0,0.0
ATOMUSDT,large_alt,0.6,0.25,583,148,404,31,0,25.385934819897084,-1237.9174319685076,1166.0,16.291595197255575,3.7916546911578077,-4.380032789679892,-4.500000000000001,4.0
ATOMUSDT,large_alt,0.8,0.3,409,73,271,65,0,17.848410757946212,-907.8306550210469,818.0000000000001,23.6479217603912,4.727324217930481,-4.743696649251565,-5.0,6.0
ATOMUSDT,large_alt,0.8,0.4,338,71,196,71,0,21.005917159763314,-783.2228282665878,676.0,28.825443786982248,4.8616352766335424,-5.333556117352699,-6.0,6.0
ATOMUSDT,large_alt,1.0,0.4,309,46,180,83,0,14.88673139158576,-716.3239475244795,618.0,31.624595469255663,5.5198268602531115,-5.244397350158849,-6.0,8.0
ATOMUSDT,large_alt,1.0,0.5,276,44,141,91,0,15.942028985507246,-689.2699892158265,552.0,35.52536231884058,5.429723296734478,-5.847975770866255,-7.0,8.0
DOGEUSDT,memecoin,0.5,0.08,985,110,831,44,3,11.16751269035533,-2012.428431351627,1970.0,9.234517766497461,2.7035302644262624,-2.745660576845903,-2.8,3.0
DOGEUSDT,memecoin,0.5,0.15,650,119,479,52,0,18.307692307692307,-1351.19434553075,1300.0,14.509230769230768,2.7095624680568893,-3.3457098077558114,-3.5,3.0
DOGEUSDT,memecoin,0.5,0.25,460,114,276,70,1,24.782608695652176,-971.3952675985659,920.0,20.91521739130435,2.6627617274836752,-4.012817793005856,-4.500000000000001,3.0
DOGEUSDT,memecoin,0.5,0.35,370,100,187,83,1,27.027027027027028,-857.752034124189,740.0,26.245945945945945,2.6043122184831407,-4.652052542325429,-5.5,3.0
DOGEUSDT,memecoin,0.5,0.5,294,92,104,98,1,31.292517006802722,-652.7816996636099,588.0,33.2891156462585,2.7119578127320665,-5.001325679857495,-7.0,3.0
DOGEUSDT,memecoin,0.3,0.15,891,269,594,28,7,30.190796857463525,-1842.9284181636797,1782.0,10.31425364758698,0.9912991552926894,-3.4128623399083864,-3.5,1.0
DOGEUSDT,memecoin,0.3,0.3,559,244,264,51,3,43.64937388193202,-1180.9712875901207,1118.0,17.033989266547405,0.9904849841889146,-4.569298329117893,-5.0,1.0
DOGEUSDT,memecoin,0.4,0.2,615,168,398,49,3,27.317073170731707,-1314.3611381042385,1230.0,15.391869918699188,1.9224006073395399,-3.777685035624057,-4.0,2.0
DOGEUSDT,memecoin,0.4,0.35,412,139,195,78,2,33.737864077669904,-933.7153385986577,824.0000000000001,23.468446601941746,1.910040083292744,-4.632362399274816,-5.5,2.0
DOGEUSDT,memecoin,0.25,0.12,1123,348,757,18,11,30.988423864648265,-2275.64336751589,2246.0,7.976847729296527,0.5,-3.1608301516333936,-3.1999999999999997,0.5
DOGEUSDT,memecoin,0.2,0.1,1451,458,985,8,31,31.564438318401102,-2970.154484873405,2902.0,5.947622329427981,0.0,-2.0469706994303274,-3.0,0.0
DOGEUSDT,memecoin,0.6,0.25,396,80,240,76,0,20.2020202020202,-815.0136569054238,792.0,24.457070707070706,3.236008726489794,-3.9932089031494553,-4.500000000000001,4.0
DOGEUSDT,memecoin,0.8,0.3,320,44,178,98,0,13.75,-677.1129283123918,640.0,30.503125,4.311163701855972,-4.152561865659678,-5.0,6.0
DOGEUSDT,memecoin,0.8,0.4,276,40,119,117,0,14.492753623188406,-596.3431378179135,552.0,35.52536231884058,4.036413841055273,-4.4730058502341254,-6.0,6.0
DOGEUSDT,memecoin,1.0,0.4,262,26,115,121,0,9.923664122137405,-558.9445468728759,524.0,37.47709923664122,4.849326870560176,-4.3439806015988305,-6.0,8.0
DOGEUSDT,memecoin,1.0,0.5,240,24,89,127,0,10.0,-522.8984560435449,480.0,41.00416666666667,4.376015300547359,-4.717291798729585,-7.0,8.0
SHIBUSDT,memecoin,0.5,0.08,1556,213,1332,11,3,13.688946015424165,-3087.858866360576,3112.0,5.4781491002570695,2.9832653174058796,-2.7852568469554333,-2.8,3.0
SHIBUSDT,memecoin,0.5,0.15,1556,213,1332,11,3,13.688946015424165,-4020.2588663605247,3112.0,5.4781491002570695,2.9832653174058796,-3.4810777424777575,-3.5,3.0
SHIBUSDT,memecoin,0.5,0.25,607,190,376,41,1,31.30148270181219,-1182.4774692049511,1214.0,15.607907742998352,2.9686908483723053,-4.257635578182031,-4.500000000000001,3.0
SHIBUSDT,memecoin,0.5,0.35,607,190,376,41,1,31.30148270181219,-1558.4774692049511,1214.0,15.607907742998352,2.9686908483723053,-5.168047200458059,-5.5,3.0
SHIBUSDT,memecoin,0.5,0.5,386,153,167,66,0,39.637305699481864,-853.1848784956785,772.0,25.116580310880828,2.923240472411957,-5.806079795635154,-7.0,3.0
SHIBUSDT,memecoin,0.3,0.15,2434,574,1859,1,17,23.582580115036976,-5934.5,4868.0,3.141331142152835,1.0,-3.4991935483870966,-3.5,1.0
SHIBUSDT,memecoin,0.3,0.3,938,440,483,15,3,46.908315565031984,-1999.3196583116749,1876.0,9.747334754797441,1.0,-4.898232245605772,-5.0,1.0
SHIBUSDT,memecoin,0.4,0.2,1071,266,769,36,6,24.836601307189543,-2600.6912766169767,2142.0,8.412698412698413,1.9988520005234933,-3.9058326435333406,-4.0,2.0
SHIBUSDT,memecoin,0.4,0.35,689,249,404,36,3,36.13933236574746,-1780.6912766169771,1378.0,13.631349782293178,1.9987742475709016,-5.21092149031341,-5.5,2.0
SHIBUSDT,memecoin,0.25,0.12,2434,574,1859,1,17,23.582580115036976,-5663.7999999998065,4868.0,3.141331142152835,0.5,-3.1993548387095694,-3.1999999999999997,0.5
SHIBUSDT,memecoin,0.2,0.1,2795,873,1921,1,104,31.23434704830054,-5765.0,5590.0,2.6064400715563507,0.0,-2.0626118067978534,-3.0,0.0
SHIBUSDT,memecoin,0.6,0.25,521,129,329,63,0,24.760076775431862,-997.3277398885122,1042.0,18.34932821497121,3.795819142414051,-4.1373795591492355,-4.500000000000001,4.0
SHIBUSDT,memecoin,0.8,0.3,427,68,277,82,0,15.925058548009368,-998.584403057177,854.0,22.60889929742389,4.848208584795181,-4.4793581895656684,-5.0,6.0
SHIBUSDT,memecoin,0.8,0.4,333,60,180,93,0,18.01801801801802,-784.7101710962227,666.0,29.273273273273272,4.821628511282897,-4.895088827552175,-6.0,6.0
SHIBUSDT,memecoin,1.0,0.4,300,34,160,106,0,11.333333333333334,-703.8637716413443,600.0,32.60333333333333,5.219812219513842,-4.823583521616676,-6.0,8.000000000000009
SHIBUSDT,memecoin,1.0,0.5,269,35,123,111,0,13.011152416356877,-626.96563455525,538.0,36.47583643122677,4.9388940406165664,-5.246148310847529,-7.0,8.0
PEPEUSDT,memecoin,0.5,0.08,3334,352,2981,1,17,10.557888422315537,-7292.800000000355,6668.0,2.0236952609478105,3.0,-2.799731723675498,-2.8,3.0
PEPEUSDT,memecoin,0.5,0.15,3334,352,2981,1,17,10.557888422315537,-9379.5,6668.0,2.0236952609478105,3.0,-3.499496981891348,-3.5,3.0
PEPEUSDT,memecoin,0.5,0.25,3334,352,2981,1,17,10.557888422315537,-12360.500000000002,6668.0,2.0236952609478105,3.0,-4.499161636485581,-4.500000000000001,3.0
PEPEUSDT,memecoin,0.5,0.35,873,324,526,23,1,37.11340206185567,-1943.6179127694138,1746.0,10.547537227949599,2.9382883529751656,-5.42672768583139,-5.5,3.0
PEPEUSDT,memecoin,0.5,0.5,873,324,526,23,1,37.11340206185567,-2732.6179127694136,1746.0,10.547537227949599,2.9382883529751656,-6.890549578224712,-7.0,3.0
PEPEUSDT,memecoin,0.3,0.15,3744,546,3197,1,133,14.583333333333334,-10645.5,7488.0,1.6925747863247864,1.0,-3.49953095684803,-3.5,1.0
PEPEUSDT,memecoin,0.3,0.3,1795,519,1258,18,116,28.91364902506964,-5789.669696260222,3590.0,4.616155988857939,0.9986984379593988,-4.976347576538113,-5.0,1.0
PEPEUSDT,memecoin,0.4,0.2,3334,352,2981,1,17,10.557888422315537,-11222.0,6668.0,2.0236952609478105,2.0,-3.999329309188464,-4.0,2.0
PEPEUSDT,memecoin,0.4,0.35,873,324,526,23,1,37.11340206185567,-2267.617912769413,1746.0,10.547537227949599,1.9682284727356445,-5.42672768583139,-5.5,2.0
PEPEUSDT,memecoin,0.25,0.12,4823,1085,3737,1,568,22.496371552975326,-11417.90000000044,9646.0,1.0901928260418827,0.5,-3.1996789727128214,-3.1999999999999997,0.5
PEPEUSDT,memecoin,0.2,0.1,4823,1085,3737,1,568,22.496371552975326,-11213.0,9646.0,1.0901928260418827,0.0,-2.324901513580759,-3.0,0.0
PEPEUSDT,memecoin,0.6,0.25,2687,195,2479,13,5,7.257164123557871,-10360.449409633395,5374.000000000001,2.7517677707480463,3.8788863610029356,-4.497984683595325,-4.500000000000001,4.0
PEPEUSDT,memecoin,0.8,0.3,953,136,773,44,2,14.270724029380903,-3010.0861487668312,1906.0000000000002,9.578174186778593,5.181155339547135,-4.969198667292266,-5.0,6.0
PEPEUSDT,memecoin,0.8,0.4,601,133,417,51,1,22.129783693843596,-1654.7953234882111,1202.0,15.773710482529118,5.099344377916471,-5.901824141001968,-6.0,6.0
PEPEUSDT,memecoin,1.0,0.4,488,62,343,83,0,12.704918032786885,-1464.3335261710413,976.0,19.6577868852459,5.197873993203825,-5.793598630022843,-6.0,8.0
PEPEUSDT,memecoin,1.0,0.5,488,62,343,83,0,12.704918032786885,-1807.333526171041,976.0,19.6577868852459,5.197873993203825,-6.735906322330536,-7.0,8.0
WIFUSDT,memecoin,0.5,0.08,1383,216,1155,12,5,15.61822125813449,-2592.6625120296308,2766.0,6.289226319595083,2.966288979120052,-2.7904093615099583,-2.8,3.0
WIFUSDT,memecoin,0.5,0.15,1082,238,826,18,2,21.99630314232902,-2181.7698396426895,2164.0,8.317005545286506,2.929618144917846,-3.471837204895311,-3.5,3.0
WIFUSDT,memecoin,0.5,0.25,743,230,486,27,0,30.955585464333783,-1534.725165587917,1486.0,12.567967698519515,2.920045404003003,-4.41523954800125,-4.500000000000001,3.0
WIFUSDT,memecoin,0.5,0.35,576,217,320,39,0,37.673611111111114,-1178.0484917166427,1152.0000000000002,16.50173611111111,2.9231558716336106,-5.206918769780032,-5.5,3.0
WIFUSDT,memecoin,0.5,0.5,474,205,223,46,0,43.24894514767932,-1052.555105375881,948.0000000000001,20.26793248945148,2.911941258933015,-6.409190013519591,-7.0,3.0
WIFUSDT,memecoin,0.3,0.15,1491,472,1018,1,12,31.65660630449363,-3091.3669025585195,2982.0,5.761234071093226,1.0,-3.4969253214509513,-3.5,1.0
WIFUSDT,memecoin,0.3,0.3,914,426,472,16,3,46.608315098468275,-1967.5869645359244,1828.0,10.029540481400439,0.9978942396630782,-4.915170030538108,-5.0,1.0
WIFUSDT,memecoin,0.4,0.2,989,302,673,14,4,30.535894843276036,-2112.6271253379005,1978.0,9.193124368048533,2.0,-3.954333515775692,-4.0,2.0
WIFUSDT,memecoin,0.4,0.35,655,280,347,28,2,42.74809160305343,-1419.29540550083,1310.0,14.390839694656488,1.9986723950362326,-5.29658381953479,-5.5,2.0
WIFUSDT,memecoin,0.25,0.12,1682,607,1074,1,11,36.087990487514865,-3135.8431830526433,3364.0,4.99346016646849,0.5,-3.199389007490819,-3.1999999999999997,0.5
WIFUSDT,memecoin,0.2,0.1,2311,753,1557,1,46,32.5832972739074,-4673.543183052689,4622.0,3.362180874080485,0.0,-2.0223034111002547,-3.0,0.0
WIFUSDT,memecoin,0.6,0.25,671,178,463,30,2,26.527570789865873,-1380.3956821875124,1342.0,14.023845007451564,3.7714034735301443,-4.427773492772244,-4.500000000000001,4.0
WIFUSDT,memecoin,0.8,0.3,474,100,312,62,0,21.09704641350211,-982.4267633947668,948.0000000000001,20.26793248945148,5.157996595097765,-4.7475442993274015,-5.0,6.0
WIFUSDT,memecoin,0.8,0.4,373,90,216,67,0,24.128686327077748,-790.4827513167829,746.0,26.02680965147453,5.038101949695266,-5.472507414687084,-6.0,6.0
WIFUSDT,memecoin,1.0,0.4,348,59,207,82,0,16.95402298850575,-738.8022023839653,696.0000000000001,27.9683908045977,5.7622532701147975,-5.347327055326154,-6.0,8.0
WIFUSDT,memecoin,1.0,0.5,311,58,156,97,0,18.64951768488746,-669.4566859692563,622.0,31.414790996784564,5.794593988760112,-5.863780617247678,-7.0,8.0
NEARUSDT,fast_alt,0.5,0.08,2679,387,2290,2,28,14.44568868980963,-5252.8953399131,5358.000000000001,2.762971257932064,2.9936382617773716,-2.7998371826637944,-2.8,3.0
NEARUSDT,fast_alt,0.5,0.15,1919,474,1442,3,16,24.700364773319436,-3628.729110804511,3838.0,4.253256904637833,2.996649698383154,-3.4987103307039535,-3.5,3.0
NEARUSDT,fast_alt,0.5,0.25,1405,494,907,4,5,35.16014234875445,-2598.4082564560417,2810.0,6.17508896797153,2.989542204422483,-4.498029440588124,-4.500000000000001,3.0
NEARUSDT,fast_alt,0.5,0.35,1129,468,653,8,3,41.45261293179805,-2195.0897297788315,2258.0,7.929140832595217,2.9765869939488097,-5.492401490726552,-5.5,3.0
NEARUSDT,fast_alt,0.5,0.5,880,443,422,15,2,50.34090909090909,-1648.4376097013394,1760.0,10.455681818181818,2.9864284234568483,-6.867245821573947,-7.0,3.0
NEARUSDT,fast_alt,0.3,0.15,2457,814,1643,0,51,33.12983312983313,-4936.5,4914.0,3.102971102971103,1.0,-3.5,-3.5,1.0
NEARUSDT,fast_alt,0.3,0.3,1692,835,856,1,10,49.349881796690305,-3447.710732054016,3384.0,4.958037825059102,1.0,-4.997328742186716,-5.0,1.0
NEARUSDT,fast_alt,0.4,0.2,1855,614,1239,2,17,33.099730458221025,-3730.601917207959,3710.0,4.434501347708895,1.9969249021887097,-3.9989602677854963,-4.0,2.0
NEARUSDT,fast_alt,0.4,0.35,1316,607,707,2,4,46.12462006079027,-2675.5200085142615,2632.0,6.660334346504559,1.9983223544173332,-5.495056497175141,-5.5,2.0
NEARUSDT,fast_alt,0.25,0.12,3037,955,2082,0,97,31.445505432993084,-6184.8999999997695,6074.0,2.319394138952914,0.5,-3.1999999999998843,-3.1999999999999997,0.5
NEARUSDT,fast_alt,0.2,0.1,3395,1153,2242,0,171,33.961708394698086,-6726.0,6790.0,1.9693667157584684,0.0,-1.9811487481590575,-3.0,0.0
NEARUSDT,fast_alt,0.6,0.25,1229,385,837,7,2,31.326281529698942,-2223.762368792129,2458.0,7.202603742880391,3.9601155749431136,-4.491308036972519,-4.500000000000001,4.0
NEARUSDT,fast_alt,0.8,0.3,908,256,635,17,2,28.19383259911894,-1628.451788413881,1816.0,10.102422907488986,5.732351700499976,-4.9951634211136176,-5.0,6.0
NEARUSDT,fast_alt,0.8,0.4,750,253,477,20,1,33.733333333333334,-1325.7614249976077,1500.0,12.441333333333333,5.73443938268972,-5.96325492503356,-6.0,6.0
NEARUSDT,fast_alt,1.0,0.4,631,169,432,30,0,26.782884310618066,-1203.506979606486,1262.0,14.97622820919176,7.338137794624251,-5.920662041772088,-6.0,8.0
NEARUSDT,fast_alt,1.0,0.5,546,167,346,33,0,30.586080586080588,-1041.3254171139636,1092.0,17.463369963369964,7.236482897480637,-6.906421009426989,-7.0,8.0
SUIUSDT,fast_alt,0.5,0.08,1465,195,1256,14,9,13.310580204778157,-2931.520274665997,2930.0,5.881228668941979,2.9637569748704835,-2.790534356499202,-2.8,3.0
SUIUSDT,fast_alt,0.5,0.15,985,208,758,19,6,21.116751269035532,-2035.5365597152706,1970.0,9.234517766497461,2.9197609530401,-3.475422768912724,-3.5,3.0
SUIUSDT,fast_alt,0.5,0.25,689,206,456,27,2,29.898403483309142,-1452.1472721391683,1378.0,13.631349782293178,2.906860856262141,-4.382114675602381,-4.500000000000001,3.0
SUIUSDT,fast_alt,0.5,0.35,547,191,322,34,2,34.91773308957953,-1220.4498313501765,1094.0,17.42961608775137,2.83170766093026,-5.2896821393014966,-5.5,3.0
SUIUSDT,fast_alt,0.5,0.5,408,165,179,64,1,40.44117647058823,-893.4073541405548,816.0000000000001,23.708333333333332,2.872735903478723,-6.030210660141422,-7.0,3.0
SUIUSDT,fast_alt,0.3,0.15,1358,431,921,6,11,31.737849779086893,-2800.1945605489236,2716.0,6.423416789396171,0.997884793694947,-3.489504094411599,-3.5,1.0
SUIUSDT,fast_alt,0.3,0.3,865,396,451,18,1,45.78034682080925,-1880.0020087569376,1730.0,10.654335260115607,0.9910579056070109,-4.895538002149982,-5.0,1.0
SUIUSDT,fast_alt,0.4,0.2,936,287,630,19,3,30.662393162393162,-1964.9933407567923,1872.0,9.770299145299145,1.9880976108117019,-3.9342749967371304,-4.0,2.0
SUIUSDT,fast_alt,0.4,0.35,616,253,328,35,0,41.07142857142857,-1354.868912565265,1232.0,15.36525974025974,1.9824469715053004,-5.193197170590882,-5.5,2.0
SUIUSDT,fast_alt,0.25,0.12,1718,532,1184,2,18,30.9662398137369,-3524.5798709631154,3436.0,4.8678696158323636,0.5,-3.19610444431965,-3.1999999999999997,0.5
SUIUSDT,fast_alt,0.2,0.1,2108,690,1418,0,61,32.732447817836814,-4254.0,4216.0,3.782258064516129,0.0,-2.0180265654648957,-3.0,0.0
SUIUSDT,fast_alt,0.6,0.25,617,155,425,37,2,25.12155591572123,-1295.8752046017112,1234.0,15.338735818476499,3.65145178733886,-4.3957612679667815,-4.500000000000001,4.0
SUIUSDT,fast_alt,0.8,0.3,437,81,292,64,1,18.53546910755149,-936.2911220955556,874.0,22.068649885583525,4.705822960934812,-4.734983840402943,-5.0,6.0
SUIUSDT,fast_alt,0.8,0.4,368,75,219,74,0,20.380434782608695,-852.0258292439679,736.0,26.394021739130434,4.43414979040451,-5.540922306434155,-6.0,6.0
SUIUSDT,fast_alt,1.0,0.4,343,51,205,87,0,14.868804664723031,-788.4652258295671,686.0,28.39067055393586,5.028369671775367,-5.399829594815994,-6.0,8.0
SUIUSDT,fast_alt,1.0,0.5,288,45,141,102,0,15.625,-667.6891327501597,576.0000000000001,34.00347222222222,5.131446189183005,-5.704642877659749,-7.0,8.0
APTUSDT,fast_alt,0.5,0.08,2034,328,1706,0,9,16.125860373647985,-3792.800000000114,4068.0000000000005,3.9557522123893807,3.0,-2.8000000000000904,-2.8,3.0
APTUSDT,fast_alt,0.5,0.15,2034,328,1706,0,9,16.125860373647985,-4987.0,4068.0000000000005,3.9557522123893807,3.0,-3.5,-3.5,3.0
APTUSDT,fast_alt,0.5,0.25,1040,335,692,13,2,32.21153846153846,-2126.5791827684134,2080.0,8.69326923076923,2.9949091478696745,-4.4500975233702045,-4.500000000000001,3.0
APTUSDT,fast_alt,0.5,0.35,797,310,465,22,2,38.89585947302384,-1666.7019532962495,1594.0,11.648682559598495,2.988722606035764,-5.376388696250918,-5.5,3.0
APTUSDT,fast_alt,0.5,0.5,624,288,312,24,1,46.15384615384615,-1372.9169475259175,1248.0,15.155448717948717,2.99991392518377,-6.686244990758288,-7.0,3.0
APTUSDT,fast_alt,0.3,0.15,2909,762,2147,0,31,26.194568580268133,-6752.5,5818.000000000001,2.465108284633895,1.0,-3.5,-3.5,1.0
APTUSDT,fast_alt,0.3,0.3,1631,759,871,1,2,46.535867565910486,-3598.0,3262.0,5.180870631514408,1.0,-4.996559633027523,-5.0,1.0
APTUSDT,fast_alt,0.4,0.2,1130,393,728,9,2,34.7787610619469,-2137.1746581223006,2260.0000000000005,7.921238938053097,2.0,-3.966315682662551,-4.0,2.0
APTUSDT,fast_alt,0.4,0.35,853,361,477,15,2,42.32121922626026,-1934.8633041932487,1706.0,10.818288393903869,1.9979778283320697,-5.413709323929649,-5.5,2.0
APTUSDT,fast_alt,0.25,0.12,2909,762,2147,0,31,26.194568580268133,-6489.399999999755,5818.000000000001,2.465108284633895,0.5,-3.199999999999882,-3.1999999999999997,0.5
APTUSDT,fast_alt,0.2,0.1,2909,762,2147,0,31,26.194568580268133,-6441.0,5818.000000000001,2.465108284633895,0.0,-2.214162942591956,-3.0,0.0
APTUSDT,fast_alt,0.6,0.25,897,246,632,19,1,27.4247491638796,-1877.5617789051,1794.0,10.238573021181717,3.97546799093395,-4.4250822664315645,-4.500000000000001,4.0
APTUSDT,fast_alt,0.8,0.3,717,149,538,30,1,20.78103207810321,-1793.7862822087225,1434.0,13.059972105997211,5.764761356807733,-4.8763879700142905,-5.0,6.0
APTUSDT,fast_alt,0.8,0.4,484,137,304,43,0,28.305785123966942,-1022.1318236356561,968.0,19.828512396694215,5.679505861311844,-5.644856482563799,-6.0,6.0
APTUSDT,fast_alt,1.0,0.4,434,96,290,48,0,22.119815668202765,-958.262480499148,868.0,22.22811059907834,7.087527211779066,-5.59879131152679,-6.0,8.0
APTUSDT,fast_alt,1.0,0.5,390,96,241,53,0,24.615384615384617,-923.3434716028761,780.0,24.848717948717947,7.031185166794232,-6.444938681193364,-7.0,8.0
ARBUSDT,fast_alt,0.5,0.08,2471,485,1986,0,48,19.62768110076892,-4105.8000000001475,4942.0,3.0793201133144477,3.0,-2.8000000000001033,-2.8,3.0
ARBUSDT,fast_alt,0.5,0.15,2012,544,1468,0,31,27.037773359840955,-3506.0,4024.0,4.009940357852883,3.0,-3.5,-3.5,3.0
ARBUSDT,fast_alt,0.5,0.25,1663,577,1084,2,15,34.696331930246544,-3150.3986770895976,3326.0,5.061936259771497,3.0,-4.494842244097236,-4.500000000000001,3.0
ARBUSDT,fast_alt,0.5,0.35,1344,561,778,5,5,41.74107142857143,-2603.974264907643,2688.0,6.5007440476190474,2.9961617939787595,-5.4831421906952755,-5.5,3.0
ARBUSDT,fast_alt,0.5,0.5,1053,530,508,15,2,50.332383665716996,-2002.136183006211,2106.0,8.573599240265906,2.9950180250005736,-6.901124323045137,-7.0,3.0
ARBUSDT,fast_alt,0.3,0.15,2499,889,1609,1,88,35.57422969187675,-4743.296630565584,4998.0,3.0340136054421767,1.0,-3.498320888550052,-3.5,1.0
ARBUSDT,fast_alt,0.3,0.3,1885,924,961,0,35,49.01856763925729,-3881.0,3770.0,4.347480106100796,1.0,-5.0,-5.0,1.0
ARBUSDT,fast_alt,0.4,0.2,2115,709,1405,1,45,33.522458628841605,-4202.796630565584,4230.0,3.766430260047281,2.0,-3.9977216433610128,-4.0,2.0
ARBUSDT,fast_alt,0.4,0.35,1539,720,818,1,7,46.78362573099415,-3061.0,3078.0,5.549707602339181,2.0,-5.495726495726496,-5.5,2.0
ARBUSDT,fast_alt,0.25,0.12,3205,971,2233,1,190,30.296411856474258,-6660.896630565325,6410.0,2.1453978159126366,0.5,-3.198924185570866,-3.1999999999999997,0.5
ARBUSDT,fast_alt,0.2,0.1,3527,1206,2321,0,275,34.19336546640204,-6963.0,7054.0,1.8579529345052452,0.0,-1.9741990360079387,-3.0,0.0
ARBUSDT,fast_alt,0.6,0.25,1487,471,1012,4,6,31.67451244115669,-2674.574669219495,2974.0,5.779421654337592,3.9917359537901342,-4.491304472323584,-4.500000000000001,4.0
ARBUSDT,fast_alt,0.8,0.3,1098,314,768,16,4,28.59744990892532,-1962.0516757200685,2196.0,8.181238615664846,5.879843311416944,-4.9822465358809565,-5.0,6.0
ARBUSDT,fast_alt,0.8,0.4,923,313,591,19,1,33.91115926327194,-1675.0724659941225,1846.0,9.921993499458289,5.861735812902827,-5.947355222602893,-6.0,6.0
ARBUSDT,fast_alt,1.0,0.4,796,224,546,26,0,28.14070351758794,-1459.0458486539071,1592.0,11.663316582914574,7.580138263275839,-5.944836296690723,-6.0,8.0
ARBUSDT,fast_alt,1.0,0.5,662,215,414,33,0,32.477341389728096,-1213.0095969846072,1324.0,14.226586102719033,7.609081697252779,-6.859024044798023,-7.0,8.0
TIAUSDT,fast_alt,0.5,0.08,1620,230,1383,7,10,14.197530864197532,-3175.981765349813,3240.0,5.222839506172839,2.9722040965956444,-2.7974366267507746,-2.8,3.0
TIAUSDT,fast_alt,0.5,0.15,1102,257,835,10,5,23.321234119782215,-2147.584527535908,2204.0,8.147912885662432,2.951648784413957,-3.4926250675670554,-3.5,3.0
TIAUSDT,fast_alt,0.5,0.25,770,243,508,19,3,31.558441558441558,-1562.1057964368217,1540.0,12.092207792207793,2.935359107717828,-4.443660794559294,-4.500000000000001,3.0
TIAUSDT,fast_alt,0.5,0.35,602,225,347,30,3,37.37541528239203,-1269.193315532634,1204.0,15.745847176079733,2.9378914917778363,-5.317010664697412,-5.5,3.0
TIAUSDT,fast_alt,0.5,0.5,475,204,227,44,2,42.94736842105263,-1044.1624905214642,950.0000000000001,20.223157894736843,2.926024948187461,-6.435607132237571,-7.0,3.0
TIAUSDT,fast_alt,0.3,0.15,1526,486,1039,1,8,31.84796854521625,-3153.076535024503,3052.0,5.6061598951507206,1.0,-3.499112052908176,-3.5,1.0
TIAUSDT,fast_alt,0.3,0.3,939,443,490,6,3,47.177848775292865,-2019.6023786683224,1878.0,9.735889243876464,1.0,-4.964924150540973,-5.0,1.0
TIAUSDT,fast_alt,0.4,0.2,1060,335,716,9,3,31.60377358490566,-2197.990154060044,2120.0,8.510377358490565,1.9861056509014379,-3.982357794335134,-4.0,2.0
TIAUSDT,fast_alt,0.4,0.35,691,294,377,20,2,42.54703328509407,-1516.9312206927234,1382.0000000000002,13.589001447178003,1.9815020966709327,-5.38112333570748,-5.5,2.0
TIAUSDT,fast_alt,0.25,0.12,1940,624,1315,1,20,32.16494845360825,-3897.1339491915937,3880.0,4.19639175257732,0.5,-3.1984300525771916,-3.1999999999999997,0.5
TIAUSDT,fast_alt,0.2,0.1,2359,771,1587,1,39,32.68334039847393,-4762.7114829774955,4718.0,3.2734209410767274,0.0,-2.018953574810299,-3.0,0.0
TIAUSDT,fast_alt,0.6,0.25,680,179,475,26,2,26.323529411764707,-1423.6908362391996,1360.0,13.825,3.8759577112218158,-4.408413880349683,-4.500000000000001,4.0
TIAUSDT,fast_alt,0.8,0.3,478,107,325,46,0,22.384937238493723,-948.6087727671751,956.0000000000001,20.089958158995817,5.1628956614771475,-4.826791177567447,-5.0,6.0
TIAUSDT,fast_alt,0.8,0.4,397,102,234,61,0,25.692695214105793,-803.7109202957262,794.0,24.392947103274558,5.045152639179189,-5.545928561008978,-6.0,6.0
TIAUSDT,fast_alt,1.0,0.4,359,65,219,75,0,18.105849582172702,-739.9635146400329,718.0,27.080779944289695,5.903309632628426,-5.533697058386128,-6.0,8.0
TIAUSDT,fast_alt,1.0,0.5,319,62,168,89,0,19.435736677115987,-682.975919697024,638.0,30.601880877742946,5.524829113316651,-6.064727317228541,-7.0,8.0
SEIUSDT,fast_alt,0.5,0.08,1098,165,912,21,2,15.027322404371585,-2066.757521137875,2196.0,8.181238615664846,2.892437637553655,-2.775296467496966,-2.8,3.0
SEIUSDT,fast_alt,0.5,0.15,738,164,547,27,2,22.22222222222222,-1437.0534555297797,1476.0,12.659891598915989,2.864818332401844,-3.4317940520703916,-3.5,3.0
SEIUSDT,fast_alt,0.5,0.25,506,145,311,50,0,28.656126482213438,-1010.9454978108508,1012.0,18.92292490118577,2.8124317934599223,-4.2223542912267,-4.500000000000001,3.0
SEIUSDT,fast_alt,0.5,0.35,424,147,217,60,0,34.66981132075472,-873.378483621915,848.0,22.775943396226417,2.878817139528375,-4.934604318613214,-5.5,3.0
SEIUSDT,fast_alt,0.5,0.5,328,119,131,78,1,36.28048780487805,-736.0700275919277,656.0,29.734756097560975,2.8193684267367303,-5.611204525352484,-7.0,3.0
SEIUSDT,fast_alt,0.3,0.15,1058,369,684,5,6,34.87712665406427,-2030.6620212131645,2116.0,8.528355387523629,0.9981351413783844,-3.4883314295394863,-3.5,1.0
SEIUSDT,fast_alt,0.3,0.3,650,319,305,26,2,49.07692307692308,-1266.8326793338838,1300.0,14.509230769230768,0.9983203212446827,-4.80695509737025,-5.0,1.0
SEIUSDT,fast_alt,0.4,0.2,721,236,462,23,4,32.73231622746186,-1398.2038210712929,1442.0,12.981969486823855,1.9854315140684007,-3.897520549787337,-4.0,2.0
SEIUSDT,fast_alt,0.4,0.35,490,205,241,44,1,41.83673469387755,-1000.346562265364,980.0,19.573469387755104,1.9693737209778512,-5.024717686653861,-5.5,2.0
SEIUSDT,fast_alt,0.25,0.12,1295,449,843,3,7,34.67181467181467,-2475.186067206848,2590.0,6.784555984555984,0.4995777829111161,-3.1952616207299855,-3.1999999999999997,0.5
SEIUSDT,fast_alt,0.2,0.1,1721,620,1100,1,9,36.025566531086575,-3301.3116108306563,3442.0,4.857640906449738,0.0,-1.918251952835942,-3.0,0.0
SEIUSDT,fast_alt,0.6,0.25,468,118,297,53,0,25.213675213675213,-910.1868687625121,936.0,20.54059829059829,3.6359569081525307,-4.2309548441905305,-4.500000000000001,4.0
SEIUSDT,fast_alt,0.8,0.3,350,57,205,88,0,16.285714285714285,-713.3947430372656,700.0000000000001,27.802857142857142,4.345079990322601,-4.450875677591479,-5.0,6.0
SEIUSDT,fast_alt,0.8,0.4,288,51,136,101,0,17.708333333333332,-593.2278158897965,576.0000000000001,34.00347222222222,4.258284699139136,-4.9316840344056505,-6.0,6.0
SEIUSDT,fast_alt,1.0,0.4,268,30,130,108,0,11.194029850746269,-569.8084682532644,536.0,36.615671641791046,4.4184838566341575,-4.960992837650437,-6.0,8.0
SEIUSDT,fast_alt,1.0,0.5,239,26,93,120,0,10.878661087866108,-519.0300995472871,478.00000000000006,41.17991631799163,4.229275202065538,-5.214100556211936,-7.0,8.0
FILUSDT,fast_alt,0.5,0.08,2146,316,1826,4,43,14.72506989748369,-4162.455474677994,4292.0,3.6975768872320596,2.993273252258838,-2.7977660661358548,-2.8,3.0
FILUSDT,fast_alt,0.5,0.15,1617,374,1232,11,28,23.12925170068027,-3200.0633703459025,3234.0,5.234384662956091,2.9906061992453035,-3.4847149889300053,-3.5,3.0
FILUSDT,fast_alt,0.5,0.25,1193,384,794,15,11,32.187761944677284,-2436.535720349437,2386.0,7.4501257334450965,2.978973521040456,-4.462580678898303,-4.500000000000001,3.0
FILUSDT,fast_alt,0.5,0.35,962,370,567,25,8,38.46153846153846,-2047.4960148397272,1924.0,9.47920997920998,2.9507789953723385,-5.4302594409705724,-5.5,3.0
FILUSDT,fast_alt,0.5,0.5,757,349,375,33,4,46.10303830911493,-1645.5897137420488,1514.0,12.317040951122854,2.956682760762613,-6.728600440333017,-7.0,3.0
FILUSDT,fast_alt,0.3,0.15,2052,651,1397,4,76,31.72514619883041,-4244.885258346378,4104.0,3.912768031189084,1.0,-3.4945647811180427,-3.5,1.0
FILUSDT,fast_alt,0.3,0.3,1413,676,729,8,20,47.8414720452937,-2987.488631182709,2826.0,6.13446567586695,1.0,-4.970812253979252,-5.0,1.0
FILUSDT,fast_alt,0.4,0.2,1560,506,1046,8,21,32.43589743589744,-3180.8145218175873,3120.0,5.462179487179487,2.0,-3.978002392616306,-4.0,2.0
FILUSDT,fast_alt,0.4,0.35,1107,496,596,15,14,44.80578139114724,-2314.0929327825675,2214.0,8.106594399277325,1.9909657343644165,-5.440106635247387,-5.5,2.0
FILUSDT,fast_alt,0.25,0.12,2445,762,1681,2,119,31.165644171779142,-5000.829589538107,4890.0,3.1231083844580776,0.5,-3.1977597085787854,-3.1999999999999997,0.5
FILUSDT,fast_alt,0.2,0.1,2863,911,1951,1,191,31.819769472581207,-5854.375858194981,5726.0,2.5211316800558854,0.0,-2.0448396291285302,-3.0,0.0
FILUSDT,fast_alt,0.6,0.25,1072,296,756,20,10,27.611940298507463,-2220.1016930828596,2144.0,8.403917910447761,3.921503908199142,-4.464858862913573,-4.500000000000001,4.0
FILUSDT,fast_alt,0.8,0.3,808,196,575,37,1,24.257425742574256,-1705.472661487285,1616.0,11.476485148514852,5.631532057883537,-4.917794357389959,-5.0,6.0
FILUSDT,fast_alt,0.8,0.4,661,195,427,39,2,29.500756429652043,-1410.196550982217,1322.0,14.251134644478064,5.728733816155683,-5.819909747091258,-6.0,6.0
FILUSDT,fast_alt,1.0,0.4,583,134,391,58,1,22.984562607204115,-1215.811413122703,1166.0,16.291595197255575,6.980852396647791,-5.786414174290287,-6.0,8.0
FILUSDT,fast_alt,1.0,0.5,503,137,303,63,0,27.23658051689861,-1013.0796742475176,1006.0,19.041749502982107,7.072967953276473,-6.571159075814823,-7.0,8.0
OPUSDT,fast_alt,0.5,0.08,2096,292,1802,2,14,13.931297709923664,-4170.510401647925,4192.0,3.809637404580153,2.9934798578573862,-2.7995562950638777,-2.8,3.0
OPUSDT,fast_alt,0.5,0.15,1272,326,940,6,4,25.628930817610062,-2319.883771986388,2544.0,6.925314465408805,2.985276718917279,-3.4947611607958216,-3.5,3.0
OPUSDT,fast_alt,0.5,0.25,911,311,588,12,2,34.13830954994511,-1726.653178308078,1822.0,10.065861690450054,2.975820763495442,-4.4698602664582925,-4.500000000000001,3.0
OPUSDT,fast_alt,0.5,0.35,734,295,414,25,2,40.19073569482289,-1448.279878645157,1468.0,12.73433242506812,2.9485301933086334,-5.394428329863871,-5.5,3.0
OPUSDT,fast_alt,0.5,0.5,609,285,296,28,1,46.79802955665025,-1283.4065285102286,1218.0,15.55336617405583,2.9666976624065997,-6.689944227955425,-7.0,3.0
OPUSDT,fast_alt,0.3,0.15,1780,673,1105,2,12,37.80898876404494,-3198.516092106929,3560.0,4.663483146067415,1.0,-3.4973045095816886,-3.5,1.0
OPUSDT,fast_alt,0.3,0.3,1311,632,673,6,3,48.20747520976354,-2743.9936058242347,2622.0,6.689549961861174,0.9984979152099034,-4.979414138867409,-5.0,1.0
OPUSDT,fast_alt,0.4,0.2,1432,461,969,2,6,32.1927374301676,-2958.016092106929,2864.0,6.039804469273743,2.0,-3.995897108246065,-4.0,2.0
OPUSDT,fast_alt,0.4,0.35,880,408,454,18,2,46.36363636363637,-1726.3523294468293,1760.0,10.455681818181818,1.9931396479065275,-5.41178635125214,-5.5,2.0
OPUSDT,fast_alt,0.25,0.12,1826,708,1116,2,16,38.77327491785323,-3221.2160921068767,3652.0,4.520810514786419,0.5,-3.1978677031367284,-3.1999999999999997,0.5
OPUSDT,fast_alt,0.2,0.1,3158,1014,2143,1,110,32.108929702343254,-6429.972250770812,6316.0,2.1922102596580113,0.0,-2.0360900097437655,-3.0,0.0
OPUSDT,fast_alt,0.6,0.25,811,242,547,22,2,29.839704069050555,-1510.201988447207,1622.0,11.430332922318126,3.905882592437749,-4.447461641337647,-4.500000000000001,4.0
OPUSDT,fast_alt,0.8,0.3,659,155,465,39,0,23.520485584218513,-1401.8031426393236,1318.0,14.29742033383915,5.516030886862758,-4.8907201401659215,-5.0,6.0
OPUSDT,fast_alt,0.8,0.4,515,149,321,45,0,28.932038834951456,-1069.8384222103705,1030.0,18.5747572815534,5.485189143839651,-5.7712005419632115,-6.0,6.0
OPUSDT,fast_alt,1.0,0.4,439,89,286,64,0,20.273348519362187,-965.3252969538597,878.0,21.963553530751707,6.224772587862718,-5.742866451055058,-6.0,8.0
OPUSDT,fast_alt,1.0,0.5,376,86,219,71,0,22.872340425531913,-844.2879976266365,752.0,25.81117021276596,6.492607964351462,-6.391739456130053,-7.0,8.0
