symbol,group,combo,dip_pct,dip_minutes,stable_range_pct,stable_minutes,take_profit_pct,stop_loss_pct,timeout_minutes,candidates,trades,wins,losses,timeouts,both_hit,win_rate_pct,resolved_win_rate_pct,breakeven_win_rate_pct,edge_vs_be_pp,net_usd,fees_usd,avg_hold_minutes,avg_win_usd,avg_loss_usd,worst_trade_usd,best_trade_usd
SOLUSDT,large_alt,sol_4pct_6h,4.0,360,1.0,45,3.0,2.0,1440,36,11,3,3,5,0,27.272727272727273,50.0,44.0,6.0,32.09346754272955,22.0,939.6363636363636,18.725261660866174,-16.051620484493498,-22.0,27.999999999999996
SOLUSDT,large_alt,sol_4pct_12h,4.0,720,1.2,60,3.5,2.0,1440,62,15,2,8,5,0,13.333333333333334,20.0,39.99999999999999,-19.999999999999993,-68.42183904454936,30.0,846.2,18.686576169406973,-20.0601440067768,-22.0,33.0
SOLUSDT,large_alt,sol_5pct_6h,5.0,360,1.5,30,4.0,2.0,1440,20,7,2,1,4,0,28.571428571428573,66.66666666666667,36.666666666666664,30.000000000000007,84.91374817292747,14.0,1113.0,22.650249376401042,-14.168749354538868,-22.0,38.0
SOLUSDT,large_alt,sol_5pct_8h,5.0,480,1.2,45,4.0,2.0,1440,23,8,1,2,5,0,12.5,33.333333333333336,36.666666666666664,-3.3333333333333286,28.473803452050205,16.0,1032.5,16.129963984285517,-17.392005489792457,-22.0,38.0
SOLUSDT,large_alt,sol_5pct_12h,5.0,720,1.5,60,4.0,2.5,1440,32,10,1,4,5,0,10.0,20.0,41.53846153846154,-21.53846153846154,-21.60726666226703,20.0,971.3,14.39878888962216,-27.000000000000004,-27.000000000000004,38.0
SOLUSDT,large_alt,sol_6pct_12h,6.0,720,1.5,60,4.0,2.5,1440,12,4,1,2,1,0,25.0,33.333333333333336,41.53846153846154,-8.205128205128204,-7.931573802541605,8.0,694.5,23.0342130987292,-27.000000000000004,-27.000000000000004,38.0
SOLUSDT,large_alt,sol_6pct_24h,6.0,1440,2.0,90,5.0,2.5,1440,36,10,0,6,4,0,0.0,0.0,36.0,-36.0,-119.62924803882711,20.0,832.6,10.592687990293227,-27.000000000000004,-27.000000000000004,15.833044148833686
SOLUSDT,large_alt,sol_7pct_12h,7.0,720,1.5,60,5.0,2.5,1440,10,2,0,1,1,0,0.0,0.0,36.0,-36.0,-17.6841254445522,4.0,785.0,9.315874555447802,-27.000000000000004,-27.000000000000004,9.315874555447802
SOLUSDT,large_alt,sol_7pct_24h,7.0,1440,2.0,120,5.0,3.0,1440,17,4,0,0,4,0,0.0,,40.0,,65.30772147841591,8.0,1440.0,16.32693036960398,0.0,10.237762237762295,26.697798806829987
SOLUSDT,large_alt,sol_8pct_24h,8.0,1440,2.0,90,5.0,3.0,1440,14,2,0,0,2,0,0.0,,40.0,,15.042529892094207,4.0,1440.0,7.521264946047103,0.0,7.1244617592782795,7.918068132815927
ETHUSDT,major,sol_4pct_6h,4.0,360,1.0,45,3.0,2.0,1440,25,7,0,3,4,0,0.0,0.0,44.0,-44.0,-55.904530737436666,14.0,1175.4285714285713,6.716944770086553,-19.01384126192408,-22.0,17.08082695933544
ETHUSDT,major,sol_4pct_12h,4.0,720,1.2,60,3.5,2.0,1440,48,10,0,5,5,0,0.0,0.0,39.99999999999999,-39.99999999999999,-88.50768238643026,20.0,973.3,9.911347008130383,-16.891674772974486,-22.0,16.780733699565786
ETHUSDT,major,sol_5pct_6h,5.0,360,1.5,30,4.0,2.0,1440,6,3,0,1,2,0,0.0,0.0,36.666666666666664,-36.666666666666664,-15.250952150856236,6.0,1334.6666666666667,16.92552144054771,-16.088236795701974,-22.0,16.92552144054771
ETHUSDT,major,sol_5pct_8h,5.0,480,1.2,45,4.0,2.0,1440,10,3,0,1,2,0,0.0,0.0,36.666666666666664,-36.666666666666664,-11.798633493906177,6.0,1413.6666666666667,16.62324533082171,-14.210939412363944,-22.0,16.62324533082171
ETHUSDT,major,sol_5pct_12h,5.0,720,1.5,60,4.0,2.5,1440,22,4,0,2,2,0,0.0,0.0,41.53846153846154,-41.53846153846154,-51.07689368241704,8.0,1196.5,14.21954726592989,-21.765480316115642,-27.000000000000004,14.21954726592989
ETHUSDT,major,sol_6pct_12h,6.0,720,1.5,60,4.0,2.5,1440,6,3,0,1,2,0,0.0,0.0,41.53846153846154,-41.53846153846154,-21.55836781630902,6.0,1070.6666666666667,2.7208160918454922,-27.000000000000004,-27.000000000000004,3.0622503135355768
ETHUSDT,major,sol_6pct_24h,6.0,1440,2.0,90,5.0,2.5,1440,17,5,0,2,3,0,0.0,0.0,36.0,-36.0,-37.39770318907105,10.0,1190.0,14.668693711607173,-22.245030204095134,-27.000000000000004,27.064818192873652
ETHUSDT,major,sol_7pct_12h,7.0,720,1.5,60,5.0,2.5,1440,0,0,0,0,0,0,0.0,,36.0,,0.0,0.0,0.0,0.0,0.0,0.0,0.0
ETHUSDT,major,sol_7pct_24h,7.0,1440,2.0,120,5.0,3.0,1440,5,1,0,0,1,0,0.0,,40.0,,-16.329538201807715,2.0,1440.0,0.0,-16.329538201807715,-16.329538201807715,-16.329538201807715
ETHUSDT,major,sol_8pct_24h,8.0,1440,2.0,90,5.0,3.0,1440,4,1,0,0,1,0,0.0,,40.0,,-14.415993651475944,2.0,1440.0,0.0,-14.415993651475944,-14.415993651475944,-14.415993651475944
ARBUSDT,fast_alt,sol_4pct_6h,4.0,360,1.0,45,3.0,2.0,1440,241,102,45,55,2,0,44.11764705882353,45.0,44.0,1.0,34.34922238582971,204.00000000000003,187.31372549019608,27.999999999999996,-21.502645221301233,-22.0,27.999999999999996
ARBUSDT,fast_alt,sol_4pct_12h,4.0,720,1.2,60,3.5,2.0,1440,283,96,40,54,2,0,41.666666666666664,42.5531914893617,39.99999999999999,2.5531914893617085,129.13895216400905,192.0,248.8125,33.0,-21.265375854214124,-22.0,33.0
ARBUSDT,fast_alt,sol_5pct_6h,5.0,360,1.5,30,4.0,2.0,1440,268,78,31,47,0,0,39.743589743589745,39.743589743589745,36.666666666666664,3.07692307692308,144.0,156.0,197.62820512820514,38.0,-22.0,-22.0,38.0
ARBUSDT,fast_alt,sol_5pct_8h,5.0,480,1.2,45,4.0,2.0,1440,217,81,31,49,1,0,38.27160493827161,38.75,36.666666666666664,2.0833333333333357,101.42857142857156,162.0,214.8641975308642,36.85714285714286,-22.0,-22.0,38.0
ARBUSDT,fast_alt,sol_5pct_12h,5.0,720,1.5,60,4.0,2.5,1440,217,76,31,44,1,0,40.78947368421053,41.333333333333336,41.53846153846154,-0.2051282051282044,-10.859749144811989,152.0,281.9078947368421,38.0,-26.419105536551378,-27.000000000000004,38.0
ARBUSDT,fast_alt,sol_6pct_12h,6.0,720,1.5,60,4.0,2.5,1440,170,58,28,30,0,0,48.275862068965516,48.275862068965516,41.53846153846154,6.737400530503976,253.99999999999994,116.0,252.0344827586207,38.0,-27.000000000000004,-27.000000000000004,38.0
ARBUSDT,fast_alt,sol_6pct_24h,6.0,1440,2.0,90,5.0,2.5,1440,188,58,23,34,1,0,39.6551724137931,40.35087719298246,36.0,4.350877192982459,178.3502824858756,116.0,357.7241379310345,48.0,-26.44713478611784,-27.000000000000004,48.0
ARBUSDT,fast_alt,sol_7pct_12h,7.0,720,1.5,60,5.0,2.5,1440,136,45,19,25,1,0,42.22222222222222,43.18181818181818,36.0,7.18181818181818,237.13675213675208,90.0,309.5111111111111,45.6068376068376,-27.000000000000004,-27.000000000000004,48.0
ARBUSDT,fast_alt,sol_7pct_24h,7.0,1440,2.0,120,5.0,3.0,1440,112,43,17,23,3,0,39.53488372093023,42.5,40.0,2.5,65.28344047633031,86.0,431.48837209302326,48.0,-28.873713827833452,-32.0,48.0
ARBUSDT,fast_alt,sol_8pct_24h,8.0,1440,2.0,90,5.0,3.0,1440,115,35,16,15,4,0,45.714285714285715,51.61290322580645,40.0,11.612903225806448,278.47981614057124,70.0,438.0571428571429,45.99607248058555,-27.969634223854616,-32.0,48.0
NEARUSDT,fast_alt,sol_4pct_6h,4.0,360,1.0,45,3.0,2.0,1440,179,60,21,36,3,0,35.0,36.8421052631579,44.0,-7.157894736842103,-186.39683809646425,120.0,295.55,25.233465079313987,-22.0,-22.0,27.999999999999996
NEARUSDT,fast_alt,sol_4pct_12h,4.0,720,1.2,60,3.5,2.0,1440,229,63,22,39,2,0,34.92063492063492,36.0655737704918,39.99999999999999,-3.9344262295081904,-132.46356429638328,126.0,308.7936507936508,31.680570882071653,-21.527917364600782,-22.0,33.0
NEARUSDT,fast_alt,sol_5pct_6h,5.0,360,1.5,30,4.0,2.0,1440,137,34,11,22,1,0,32.35294117647059,33.333333333333336,36.666666666666664,-3.3333333333333286,-61.644067796610074,68.0,401.52941176470586,35.19632768361583,-22.0,-22.0,38.0
NEARUSDT,fast_alt,sol_5pct_8h,5.0,480,1.2,45,4.0,2.0,1440,126,41,10,29,2,0,24.390243902439025,25.641025641025642,36.666666666666664,-11.025641025641022,-242.42506325825119,82.0,357.0243902439024,32.964578061812404,-22.0,-22.0,38.0
NEARUSDT,fast_alt,sol_5pct_12h,5.0,720,1.5,60,4.0,2.5,1440,150,36,11,22,3,0,30.555555555555557,33.333333333333336,41.53846153846154,-8.205128205128204,-169.24559891367727,72.00000000000001,496.52777777777777,32.913161205411846,-25.961595416697016,-27.000000000000004,38.0
NEARUSDT,fast_alt,sol_6pct_12h,6.0,720,1.5,60,4.0,2.5,1440,91,24,6,16,2,0,25.0,27.272727272727273,41.53846153846154,-14.265734265734267,-188.7583474816073,48.0,511.0833333333333,30.40520656479909,-27.000000000000004,-27.000000000000004,38.0
NEARUSDT,fast_alt,sol_6pct_24h,6.0,1440,2.0,90,5.0,2.5,1440,141,32,9,20,3,0,28.125,31.03448275862069,36.0,-4.96551724137931,-91.42609348145163,64.0,573.46875,40.84623796462859,-25.749271956779342,-27.000000000000004,48.0
NEARUSDT,fast_alt,sol_7pct_12h,7.0,720,1.5,60,5.0,2.5,1440,56,16,2,11,3,0,12.5,15.384615384615385,36.0,-20.615384615384613,-202.83114721579162,32.0,473.8125,34.162988115449906,-23.486162427857025,-27.000000000000004,48.0
NEARUSDT,fast_alt,sol_7pct_24h,7.0,1440,2.0,120,5.0,3.0,1440,80,19,4,10,5,0,21.05263157894737,28.571428571428573,40.0,-11.428571428571427,-129.17490510422692,38.0,727.0526315789474,27.00376476259953,-31.382274836820287,-32.0,48.0
NEARUSDT,fast_alt,sol_8pct_24h,8.0,1440,2.0,90,5.0,3.0,1440,83,14,3,7,4,0,21.428571428571427,30.0,40.0,-10.0,-89.72255569292557,28.0,835.3571428571429,30.282566615678046,-26.792820974590647,-32.0,48.0
WIFUSDT,memecoin,sol_4pct_6h,4.0,360,1.0,45,3.0,2.0,1440,134,52,14,35,3,0,26.923076923076923,28.571428571428573,44.0,-15.428571428571427,-382.96198698605434,104.00000000000001,290.34615384615387,24.996581316594202,-21.747424668098933,-22.0,27.999999999999996
WIFUSDT,memecoin,sol_4pct_12h,4.0,720,1.2,60,3.5,2.0,1440,184,49,14,31,4,0,28.571428571428573,31.11111111111111,39.99999999999999,-8.888888888888882,-179.37031084564197,98.0,368.2448979591837,27.923871619686558,-22.0,-22.0,33.0
WIFUSDT,memecoin,sol_5pct_6h,5.0,360,1.5,30,4.0,2.0,1440,119,30,9,19,2,0,30.0,32.142857142857146,36.666666666666664,-4.523809523809518,-76.65409217648039,60.0,352.1666666666667,34.73260073260073,-21.199004975124385,-22.0,38.0
WIFUSDT,memecoin,sol_5pct_8h,5.0,480,1.2,45,4.0,2.0,1440,109,33,9,22,2,0,27.272727272727273,29.032258064516128,36.666666666666664,-7.634408602150536,-125.48448948468547,66.0,336.54545454545456,32.592319137755865,-22.0,-22.0,38.0
WIFUSDT,memecoin,sol_5pct_12h,5.0,720,1.5,60,4.0,2.5,1440,134,31,7,20,4,0,22.580645161290324,25.925925925925927,41.53846153846154,-15.612535612535613,-236.2282193960155,62.0,561.0322580645161,27.61561641854405,-27.000000000000007,-27.000000000000004,38.0
WIFUSDT,memecoin,sol_6pct_12h,6.0,720,1.5,60,4.0,2.5,1440,97,22,5,15,2,0,22.727272727272727,25.0,41.53846153846154,-16.53846153846154,-206.5779831003713,44.0,456.54545454545456,34.067019400352734,-25.686256218905484,-27.000000000000004,38.0
WIFUSDT,memecoin,sol_6pct_24h,6.0,1440,2.0,90,5.0,2.5,1440,124,30,5,19,6,0,16.666666666666668,20.833333333333332,36.0,-15.166666666666668,-172.75577112899833,60.0,572.6,30.93129353372743,-27.000000000000007,-27.000000000000004,48.0
WIFUSDT,memecoin,sol_7pct_12h,7.0,720,1.5,60,5.0,2.5,1440,80,20,3,15,2,0,15.0,16.666666666666668,36.0,-19.333333333333332,-223.28674102844104,40.0,475.25,36.3426517943118,-27.000000000000004,-27.000000000000004,48.0
WIFUSDT,memecoin,sol_7pct_24h,7.0,1440,2.0,120,5.0,3.0,1440,81,20,4,12,4,0,20.0,25.0,40.0,-15.0,-171.15681725272074,40.0,696.4,37.27073378299104,-28.19865856790478,-32.0,48.0
WIFUSDT,memecoin,sol_8pct_24h,8.0,1440,2.0,90,5.0,3.0,1440,95,22,4,14,4,0,18.181818181818183,22.22222222222222,40.0,-17.77777777777778,-210.96424401014434,44.0,627.4545454545455,34.74506918678785,-30.27864855451062,-32.0,48.0
